Year,pre-breeding-pop,lambda-pb,adult-pop,lambda,new-adults
2,35339,0,21521,0.7,0
3,33121,0.94,25267,1.17,12662
4,32728,0.99,24694,0.98,7975
5,34748,1.06,25573,1.04,9562
6,34278,0.99,25520,1,9122
7,34979,1.02,26198,1.03,9581
8,35053,1,26167,1,9111
9,35750,1.02,26791,1.02,9886
10,36452,1.02,27587,1.03,10092
11,37355,1.02,27966,1.01,9900
12,38612,1.03,28667,1.03,10557
13,38252,0.99,28325,0.99,9723
14,38369,1,28750,1.02,10201
15,39160,1.02,29282,1.02,10611
16,38373,0.98,29160,1,10042
17,41045,1.07,30307,1.04,11369
18,42973,1.05,31259,1.03,11815
19,42119,0.98,31768,1.02,11545
20,42484,1.01,31462,0.99,10729
21,41288,0.97,31203,0.99,10734
22,42817,1.04,31494,1.01,10915
23,42630,1,31831,1.01,11477
24,43681,1.02,32121,1.01,11211
25,44112,1.01,32755,1.02,11878
26,43822,0.99,32835,1,11539
27,45610,1.04,33672,1.03,12271
28,46457,1.02,34430,1.02,12566
29,46204,0.99,34121,0.99,11713
30,45257,0.98,34019,1,11722
31,46040,1.02,33937,1,11526
2,35710,0,21374,0.7,0
3,33260,0.93,25559,1.2,13072
4,33791,1.02,25164,0.98,8490
5,34540,1.02,25918,1.03,9622
6,36475,1.06,26880,1.04,10035
7,36035,0.99,27211,1.01,9799
8,36135,1,26860,0.99,9040
9,37666,1.04,27740,1.03,10383
10,36951,0.98,27863,1,9855
11,37842,1.02,28104,1.01,9971
12,40305,1.07,29302,1.04,11344
13,39278,0.97,30073,1.03,11019
14,38864,0.99,29700,0.99,9770
15,40631,1.05,29998,1.01,10630
16,41868,1.03,30346,1.01,10832
17,40899,0.98,31080,1.02,11535
18,40961,1,30622,0.99,10267
19,41249,1.01,30677,1,10743
20,41749,1.01,31066,1.01,11087
21,41659,1,31083,1,10848
22,42219,1.01,31041,1,10811
23,41362,0.98,30906,1,10889
24,41029,0.99,30731,0.99,10568
25,41344,1.01,31180,1.01,11208
26,41093,0.99,30688,0.98,10290
27,41520,1.01,30937,1.01,10856
28,42384,1.02,31197,1.01,11031
29,42071,0.99,31303,1,11150
30,43251,1.03,31858,1.02,11424
31,41881,0.97,31477,0.99,10712
2,37886,0,21287,0.7,0
3,34981,0.92,26496,1.24,14477
4,34353,0.98,25781,0.97,8402
5,34720,1.01,25790,1,8823
6,34594,1,25861,1,9160
7,34781,1.01,26172,1.01,9262
8,35193,1.01,26318,1.01,9384
9,35388,1.01,26413,1,9418
10,37268,1.05,27421,1.04,10280
11,39608,1.06,29165,1.06,11466
12,40387,1.02,30150,1.03,11392
13,41054,1.02,30043,1,10389
14,41130,1,30483,1.01,10905
15,40309,0.98,30102,0.99,10112
16,38828,0.96,29727,0.99,9977
17,39950,1.03,29664,1,10046
18,40792,1.02,30046,1.01,10671
19,41895,1.03,30969,1.03,11398
20,42370,1.01,31315,1.01,11164
21,40999,0.97,30845,0.98,10516
22,42499,1.04,31235,1.01,10958
23,42450,1,31727,1.02,11263
24,42284,1,31624,1,10997
25,42541,1.01,32050,1.01,11390
26,42112,0.99,31382,0.98,10151
27,43398,1.03,31571,1.01,10981
28,42338,0.98,31688,1,11315
29,42076,0.99,31352,0.99,10638
30,42581,1.01,31638,1.01,11064
31,42917,1.01,31590,1,11072
2,34771,0,20989,0.7,0
3,32667,0.94,24893,1.19,12474
4,32344,0.99,24509,0.98,8189
5,34257,1.06,25298,1.03,9367
6,35272,1.03,26073,1.03,9867
7,34855,0.99,26149,1,9178
8,35891,1.03,26621,1.02,9578
9,36314,1.01,27226,1.02,9840
10,36503,1.01,27683,1.02,9911
11,40057,1.1,28792,1.04,10701
12,41310,1.03,30263,1.05,11914
13,40351,0.98,29933,0.99,10434
14,39989,0.99,29906,1,10387
15,40726,1.02,30552,1.02,11006
16,40912,1,29913,0.98,10015
17,42568,1.04,31106,1.04,11771
18,40011,0.94,30654,0.99,10397
19,40254,1.01,29924,0.98,9686
20,39388,0.98,29691,0.99,10101
21,40166,1.02,30557,1.03,11090
22,40597,1.01,30092,0.98,10069
23,41868,1.03,30944,1.03,11350
24,42015,1,31290,1.01,11170
25,40589,0.97,30848,0.99,10457
26,42593,1.05,31062,1.01,10879
27,43127,1.01,31796,1.02,11713
28,44018,1.02,32537,1.02,12062
29,43863,1,32706,1.01,11605
30,42657,0.97,32044,0.98,10638
31,40655,0.95,30901,0.96,9747
2,35593,0,21025,0.7,0
3,32663,0.92,25121,1.19,13022
4,32879,1.01,24710,0.98,8203
5,34825,1.06,26195,1.06,10272
6,34241,0.98,26077,1,8990
7,33578,0.98,25336,0.97,8232
8,34999,1.04,26492,1.05,10014
9,36691,1.05,26998,1.02,9702
10,38732,1.06,28870,1.07,11527
11,39136,1.01,28993,1,10238
12,38645,0.99,28985,1,10188
13,40200,1.04,29621,1.02,10952
14,39690,0.99,29654,1,10477
15,39605,1,29355,0.99,9975
16,39170,0.99,29713,1.01,10732
17,40205,1.03,29861,1,10307
18,41094,1.02,30246,1.01,10955
19,41254,1,30946,1.02,11385
20,39756,0.96,30132,0.97,9820
21,40216,1.01,29599,0.98,9872
22,39514,0.98,29904,1.01,10615
23,40204,1.02,29962,1,10470
24,42112,1.05,30508,1.02,11070
25,41413,0.98,31258,1.02,11376
26,40640,0.98,30809,0.99,10456
27,41629,1.02,30666,1,10395
28,41117,0.99,30639,1,10665
29,41987,1.02,31353,1.02,11379
30,42843,1.02,31517,1.01,11023
31,41561,0.97,31515,1,10912
2,36375,0,21463,0.7,0
3,34831,0.96,26367,1.23,13883
4,35107,1.01,26382,1,9126
5,36871,1.05,27438,1.04,10211
6,37260,1.01,27791,1.01,10119
7,37560,1.01,28329,1.02,10344
8,37626,1,28378,1,9655
9,37567,1,28461,1,9920
10,38344,1.02,28331,1,9688
11,38294,1,28911,1.02,10544
12,40715,1.06,29509,1.02,10651
13,40543,1,30315,1.03,11291
14,40903,1.01,30107,0.99,10365
15,40264,0.98,30044,1,10629
16,40955,1.02,29814,0.99,10310
17,40349,0.99,30419,1.02,11152
18,39957,0.99,29607,0.97,9774
19,39911,1,29618,1,10456
20,39757,1,29717,1,10364
21,40499,1.02,29884,1.01,10542
22,39140,0.97,29739,1,10257
23,39869,1.02,29339,0.99,9945
24,40366,1.01,29665,1.01,10633
25,40551,1,30251,1.02,11063
26,41320,1.02,30492,1.01,10762
27,42268,1.02,31386,1.03,11507
28,41841,0.99,31528,1,10992
29,44080,1.05,32195,1.02,11448
30,42435,0.96,32190,1,11261
31,41973,0.99,31415,0.98,10214
2,37267,0,21436,0.7,0
3,33707,0.9,25962,1.21,13704
4,33661,1,25151,0.97,8052
5,34479,1.02,25764,1.02,9361
6,36214,1.05,26633,1.03,9987
7,36294,1,27210,1.02,9866
8,37382,1.03,27805,1.02,10173
9,39137,1.05,28996,1.04,10942
10,41442,1.06,30268,1.04,11540
11,41873,1.01,30979,1.02,11350
12,44029,1.05,31919,1.03,11790
13,42433,0.96,31624,0.99,10971
14,43549,1.03,32455,1.03,11799
15,44260,1.02,32943,1.02,11764
16,44322,1,33217,1.01,11760
17,44717,1.01,33185,1,11404
18,43805,0.98,33011,0.99,11374
19,44238,1.01,33148,1,11354
20,43863,0.99,32426,0.98,10842
21,43654,1,32659,1.01,11493
22,43946,1.01,32624,1,11312
23,41876,0.95,31953,0.98,10622
24,42967,1.03,31533,0.99,10575
25,43205,1.01,31988,1.01,11354
26,44319,1.03,32700,1.02,11876
27,45905,1.04,33986,1.04,12782
28,46715,1.02,34254,1.01,12159
29,47453,1.02,35261,1.03,13222
30,50236,1.06,36524,1.04,13550
31,49477,0.98,36703,1,13318
2,36616,0,21805,0.71,0
3,34608,0.95,26461,1.21,13777
4,34218,0.99,26131,0.99,8570
5,34869,1.02,26071,1,8906
6,34750,1,26012,1,9050
7,35528,1.02,26717,1.03,9824
8,35765,1.01,26891,1.01,9360
9,36605,1.02,27379,1.02,9947
10,36398,0.99,27231,0.99,9500
11,36548,1,27399,1.01,9585
12,37396,1.02,27782,1.01,10042
13,37808,1.01,27980,1.01,9730
14,38347,1.01,28519,1.02,10201
15,38850,1.01,28973,1.02,10549
16,38426,0.99,28772,0.99,9735
17,38164,0.99,28569,0.99,9851
18,38960,1.02,28659,1,10030
19,38670,0.99,29132,1.02,10543
20,38562,1,28991,1,9801
21,38985,1.01,28968,1,10014
22,39571,1.02,29532,1.02,10632
23,39969,1.01,29912,1.01,10740
24,40609,1.02,30997,1.04,11480
25,40985,1.01,30448,0.98,10023
26,41831,1.02,31170,1.02,11333
27,42339,1.01,31356,1.01,11100
28,42076,0.99,31798,1.01,11260
29,42374,1.01,31554,0.99,10765
30,42267,1,31859,1.01,11103
31,42049,0.99,31417,0.99,10396
2,36596,0,21250,0.7,0
3,34704,0.95,26112,1.23,14037
4,34725,1,26322,1.01,9347
5,34205,0.99,25715,0.98,8527
6,35083,1.03,26187,1.02,9492
7,35663,1.02,26680,1.02,9653
8,35924,1.01,26940,1.01,9546
9,37981,1.06,27935,1.04,10511
10,37884,1,28309,1.01,10140
11,38909,1.03,28464,1.01,10213
12,38449,0.99,29092,1.02,10716
13,38400,1,28659,0.99,9624
14,37084,0.97,28126,0.98,9361
15,38248,1.03,27843,0.99,9317
16,37576,0.98,28512,1.02,10319
17,39856,1.06,29133,1.02,10453
18,38506,0.97,29313,1.01,10384
19,40344,1.05,29604,1.01,10485
20,39618,0.98,29807,1.01,10670
21,40550,1.02,30416,1.02,11058
22,42135,1.04,30935,1.02,11109
23,42477,1.01,31550,1.02,11292
24,41379,0.97,31104,0.99,10573
25,42131,1.02,31564,1.01,11276
26,41350,0.98,31116,0.99,10610
27,41932,1.01,31167,1,10709
28,42607,1.02,31798,1.02,11487
29,43211,1.01,32517,1.02,11758
30,43601,1.01,32789,1.01,11434
31,45455,1.04,32961,1.01,11637
2,36912,0,21481,0.71,0
3,33841,0.92,26078,1.21,13706
4,33955,1,25912,0.99,8811
5,35068,1.03,25940,1,8845
6,35202,1,26303,1.01,9507
7,36230,1.03,26581,1.01,9499
8,36217,1,27136,1.02,9959
9,35806,0.99,27005,1,9265
10,35714,1,26793,0.99,9194
11,37769,1.06,27969,1.04,10403
12,37385,0.99,28289,1.01,10338
13,37653,1.01,27980,0.99,9348
14,39273,1.04,29030,1.04,10784
15,38562,0.98,29563,1.02,10745
16,39746,1.03,29252,0.99,9738
17,40490,1.02,29923,1.02,10991
18,41014,1.01,30890,1.03,11508
19,40819,1,30424,0.98,10144
20,42209,1.03,31497,1.04,11768
21,42840,1.01,32125,1.02,11484
22,41929,0.98,31456,0.98,10357
23,43413,1.04,32549,1.03,11994
24,41042,0.95,31976,0.98,10466
25,41633,1.01,30384,0.95,9213
26,41200,0.99,30649,1.01,10874
27,40302,0.98,30003,0.98,9878
28,40158,1,29909,1,10461
29,42513,1.06,30538,1.02,11127
30,42508,1,31616,1.04,12095
31,43158,1.02,32525,1.03,11995
2,36617,0,21536,0.7,0
3,33286,0.91,25616,1.19,13339
4,33342,1,24895,0.97,8035
5,34423,1.03,25551,1.03,9268
6,35451,1.03,26249,1.03,9666
7,37537,1.06,27480,1.05,10693
8,36608,0.98,28006,1.02,10227
9,36499,1,27425,0.98,8946
10,38847,1.06,28185,1.03,10296
11,38321,0.99,28131,1,10077
12,38394,1,28797,1.02,10619
13,37775,0.98,28525,0.99,9706
14,37546,0.99,27716,0.97,8802
15,38311,1.02,28877,1.04,10974
16,37544,0.98,28778,1,9730
17,38932,1.04,29018,1.01,10215
18,38686,0.99,29036,1,10221
19,38444,0.99,28902,1,9935
20,40199,1.05,29562,1.02,10648
21,40289,1,29831,1.01,10665
22,40486,1,29906,1,10505
23,40773,1.01,30433,1.02,11071
24,42387,1.04,31742,1.04,11894
25,40925,0.97,31051,0.98,10312
26,42484,1.04,31478,1.01,11200
27,41447,0.98,31789,1.01,10983
28,43674,1.05,31979,1.01,10985
29,43128,0.99,31901,1,11229
30,42985,1,32022,1,11185
31,42764,0.99,31800,0.99,10704
2,37287,0,21697,0.71,0
3,33374,0.9,25684,1.18,13216
4,34700,1.04,26074,1.02,9208
5,35252,1.02,26584,1.02,9589
6,37307,1.06,27150,1.02,9892
7,36824,0.99,27503,1.01,9982
8,36818,1,27929,1.02,10028
9,38817,1.05,28514,1.02,10282
10,40340,1.04,29253,1.03,10670
11,39072,0.97,29248,1,10172
12,38613,0.99,28839,0.99,9852
13,38498,1,28893,1,10075
14,38825,1.01,29051,1.01,10319
15,39630,1.02,29292,1.01,10344
16,38147,0.96,29112,0.99,10009
17,38273,1,28868,0.99,9679
18,38728,1.01,28527,0.99,9647
19,40086,1.04,29263,1.03,10917
20,39447,0.98,29819,1.02,11035
21,40539,1.03,29649,0.99,10209
22,41217,1.02,31201,1.05,12155
23,43630,1.06,31887,1.02,11414
24,45077,1.03,32925,1.03,12254
25,44096,0.98,32855,1,11455
26,45022,1.02,33092,1.01,11670
27,44386,0.99,32775,0.99,11269
28,42370,0.95,32258,0.98,10737
29,42503,1,31632,0.98,10450
30,44123,1.04,32604,1.03,11998
31,42200,0.96,32693,1,11220
2,36464,0,20953,0.7,0
3,33594,0.92,25473,1.22,13594
4,33294,0.99,24940,0.98,8105
5,33481,1.01,24946,1,8735
6,33379,1,25062,1,8927
7,33467,1,25408,1.01,9057
8,34280,1.02,25675,1.01,9041
9,35723,1.04,26225,1.02,9485
10,36560,1.02,27367,1.04,10469
11,35766,0.98,26920,0.98,9094
12,37487,1.05,27694,1.03,10227
13,36942,0.99,27648,1,9644
14,37130,1.01,28019,1.01,9941
15,39681,1.07,29194,1.04,10868
16,39713,1,29536,1.01,10661
17,41441,1.04,29990,1.02,10759
18,41175,0.99,31104,1.04,11692
19,40255,0.98,30355,0.98,9999
20,41872,1.04,30956,1.02,11091
21,43097,1.03,31813,1.03,11969
22,43272,1,31793,1,10950
23,43398,1,32343,1.02,11589
24,43002,0.99,32553,1.01,11488
25,41926,0.97,31297,0.96,9977
26,41536,0.99,31171,1,10567
27,42382,1.02,31417,1.01,10908
28,42296,1,31679,1.01,11171
29,42645,1.01,31581,1,10787
30,41741,0.98,31487,1,10867
31,42794,1.03,31894,1.01,11352
2,37763,0,21497,0.7,0
3,35925,0.95,27001,1.26,14882
4,36548,1.02,27330,1.01,9787
5,37501,1.03,27973,1.02,10133
6,37152,0.99,27730,0.99,9686
7,36620,0.99,27529,0.99,9425
8,36495,1,27437,1,9542
9,34755,0.95,26818,0.98,8750
10,36298,1.04,27060,1.01,9562
11,37000,1.02,28039,1.04,10455
12,39206,1.06,29225,1.04,10964
13,41007,1.05,30340,1.04,11383
14,39727,0.97,29754,0.98,9924
15,39744,1,29643,1,10172
16,41359,1.04,30021,1.01,10751
17,40595,0.98,30465,1.01,11063
18,40531,1,30652,1.01,10790
19,41730,1.03,30908,1.01,10701
20,41467,0.99,30581,0.99,10391
21,41747,1.01,30945,1.01,11050
22,41267,0.99,30888,1,10789
23,43006,1.04,31167,1.01,11066
24,43542,1.01,32212,1.03,12060
25,44516,1.02,32586,1.01,11524
26,45010,1.01,33269,1.02,12227
27,44661,0.99,33367,1,11623
28,43610,0.98,32847,0.98,11016
29,44071,1.01,33117,1.01,11619
30,43747,0.99,32635,0.99,10893
31,44293,1.01,32840,1.01,11330
2,37678,0,21544,0.7,0
3,35074,0.93,26921,1.25,14744
4,36025,1.03,26778,0.99,9080
5,36622,1.02,27415,1.02,9927
6,36629,1,27495,1,9449
7,36580,1,27613,1,9647
8,36651,1,27346,0.99,9279
9,36966,1.01,27555,1.01,9720
10,36455,0.99,27697,1.01,9799
11,37525,1.03,27557,0.99,9347
12,36264,0.97,27809,1.01,9959
13,37708,1.04,27871,1,9624
14,38171,1.01,27985,1,9913
15,38594,1.01,28740,1.03,10642
16,38931,1.01,29336,1.02,10608
17,41794,1.07,30084,1.03,11067
18,39672,0.95,30073,1,10498
19,39812,1,29442,0.98,9604
20,39414,0.99,29853,1.01,10578
21,40375,1.02,30224,1.01,10682
22,41565,1.03,30601,1.01,10961
23,42345,1.02,31065,1.02,11057
24,42180,1,32065,1.03,11892
25,42916,1.02,32158,1,11103
26,42086,0.98,31311,0.97,10097
27,42100,1,31797,1.02,11383
28,42542,1.01,31702,1,10874
29,41473,0.97,31136,0.98,10271
30,42557,1.03,31625,1.02,11243
31,42854,1.01,31977,1.01,11177
2,36401,0,21553,0.7,0
3,33882,0.93,25852,1.2,13451
4,34812,1.03,25794,1,8913
5,35823,1.03,26808,1.04,10117
6,37631,1.05,27908,1.04,10360
7,39423,1.05,28822,1.03,10642
8,38891,0.99,29159,1.01,10501
9,39193,1.01,29021,1,9917
10,40811,1.04,30174,1.04,11389
11,40741,1,30952,1.03,11580
12,41722,1.02,30838,1,10343
13,42869,1.03,31705,1.03,11699
14,42643,0.99,32089,1.01,11449
15,43123,1.01,32161,1,11046
16,43794,1.02,32360,1.01,11289
17,41478,0.95,31684,0.98,10603
18,40750,0.98,30568,0.96,9701
19,40904,1,30281,0.99,10448
20,40687,0.99,30320,1,10648
21,40168,0.99,30523,1.01,10828
22,41567,1.03,31180,1.02,11174
23,40873,0.98,30904,0.99,10336
24,40567,0.99,30530,0.99,10235
25,41076,1.01,30273,0.99,10321
26,40031,0.97,29702,0.98,10009
27,40670,1.02,30100,1.01,10825
28,41391,1.02,30375,1.01,10647
29,41204,1,30868,1.02,11182
30,41847,1.02,30929,1,10754
31,41614,0.99,31263,1.01,11116
2,36704,0,21007,0.7,0
3,35072,0.96,26625,1.27,14810
4,34300,0.98,25627,0.96,8202
5,34863,1.02,25888,1.01,9266
6,34809,1,26167,1.01,9199
7,35764,1.03,26866,1.03,9849
8,37831,1.06,27731,1.03,10262
9,36962,0.98,27853,1,9787
10,37693,1.02,28352,1.02,10141
11,37699,1,28154,0.99,9729
12,37302,0.99,28142,1,9720
13,39042,1.05,29044,1.03,10704
14,37250,0.95,28283,0.97,9296
15,38420,1.03,28444,1.01,10082
16,38801,1.01,29056,1.02,10545
17,40078,1.03,29831,1.03,10867
18,40532,1.01,29997,1.01,10599
19,42703,1.05,31133,1.04,11694
20,43037,1.01,31748,1.02,11501
21,42122,0.98,31747,1,11098
22,41740,0.99,30769,0.97,9867
23,41967,1.01,31484,1.02,11481
24,43288,1.03,32383,1.03,11817
25,41390,0.96,31488,0.97,10398
26,41227,1,31037,0.99,10513
27,40319,0.98,30097,0.97,9731
28,41592,1.03,30782,1.02,11131
29,39811,0.96,30401,0.99,10375
30,40002,1,29567,0.97,9626
31,41555,1.04,30795,1.04,11800
2,36096,0,21730,0.7,0
3,34433,0.95,26130,1.2,13496
4,34611,1.01,25738,0.98,8601
5,35558,1.03,26841,1.04,10057
6,35110,0.99,26638,0.99,9105
7,34733,0.99,26597,1,9068
8,34677,1,25872,0.97,8421
9,35976,1.04,26683,1.03,9848
10,37441,1.04,27543,1.03,10385
11,37501,1,27953,1.01,10296
12,37494,1,28086,1,9698
13,37653,1,28178,1,9916
14,36783,0.98,27556,0.98,9019
15,36915,1,27544,1,9658
16,37805,1.02,28351,1.03,10475
17,38507,1.02,28807,1.02,10327
18,37987,0.99,28838,1,9826
19,37468,0.99,28181,0.98,9089
20,38247,1.02,28667,1.02,10081
21,38340,1,28825,1.01,10293
22,38990,1.02,29135,1.01,10230
23,38866,1,28964,0.99,10077
24,40505,1.04,29730,1.03,10972
25,39170,0.97,29724,1,10540
26,40596,1.04,29823,1,10251
27,39575,0.97,29659,0.99,10147
28,39929,1.01,29881,1.01,10441
29,39820,1,29870,1,10377
30,40143,1.01,29766,1,10170
31,39188,0.98,29451,0.99,9998
2,35682,0,21236,0.7,0
3,33757,0.95,25782,1.21,13551
4,35232,1.04,26105,1.01,9168
5,36166,1.03,26940,1.03,10027
6,36346,1,27239,1.01,9713
7,35199,0.97,26561,0.98,8692
8,35191,1,26553,1,9184
9,35745,1.02,27109,1.02,9669
10,35677,1,26750,0.99,9035
11,37318,1.05,27797,1.04,10495
12,37095,0.99,27969,1.01,9883
13,38325,1.03,28813,1.03,10529
14,39977,1.04,29422,1.02,10644
15,41243,1.03,30682,1.04,11744
16,39518,0.96,30167,0.98,10030
17,39062,0.99,29503,0.98,9779
18,39872,1.02,29369,1,10001
19,40351,1.01,30031,1.02,10921
20,41634,1.03,30529,1.02,11013
21,43041,1.03,31676,1.04,11981
22,42076,0.98,31805,1,11079
23,43070,1.02,31564,0.99,10802
24,43335,1.01,31955,1.01,11503
25,41814,0.96,31317,0.98,10617
26,42349,1.01,31855,1.02,11514
27,42884,1.01,32073,1.01,11167
28,43673,1.02,32065,1,11037
29,41978,0.96,31677,0.99,10887
30,42573,1.01,32100,1.01,11235
31,42384,1,31690,0.99,10547
2,35087,0,21699,0.71,0
3,33120,0.94,24849,1.15,12231
4,34949,1.06,25719,1.04,9703
5,33903,0.97,26016,1.01,9448
6,35026,1.03,25699,0.99,8745
7,35454,1.01,26195,1.02,9553
8,35788,1.01,27007,1.03,10009
9,36489,1.02,27545,1.02,10025
10,38127,1.04,28181,1.02,10128
11,39356,1.03,29217,1.04,10928
12,39118,0.99,29712,1.02,10659
13,38304,0.98,29129,0.98,9574
14,40163,1.05,29321,1.01,10234
15,41362,1.03,30212,1.03,11392
16,41403,1,30995,1.03,11341
17,42417,1.02,31403,1.01,11051
18,43777,1.03,31980,1.02,11489
19,42386,0.97,31621,0.99,10851
20,43963,1.04,32558,1.03,11957
21,43168,0.98,32001,0.98,10884
22,42549,0.99,32317,1.01,11498
23,42706,1,31817,0.98,10598
24,41848,0.98,31869,1,11081
25,43370,1.04,31817,1,10843
26,43642,1.01,32016,1.01,11284
27,42408,0.97,32044,1,11329
28,41845,0.99,31284,0.98,10448
29,42183,1.01,31319,1,10795
30,40324,0.96,30879,0.99,10237
31,41869,1.04,30665,0.99,10282
2,36228,0,21357,0.7,0
3,34720,0.96,26296,1.23,14091
4,35492,1.02,26100,0.99,8962
5,35901,1.01,26476,1.01,9483
6,36012,1,27004,1.02,10034
7,37298,1.04,27791,1.03,10268
8,36622,0.98,27717,1,9331
9,37265,1.02,27444,0.99,9408
10,38211,1.03,28748,1.05,11053
11,37912,0.99,28469,0.99,9452
12,38598,1.02,28930,1.02,10332
13,38116,0.99,28839,1,9867
14,37210,0.98,27724,0.96,8795
15,38832,1.04,28408,1.02,10550
16,40972,1.06,29888,1.05,11577
17,40877,1,30588,1.02,11168
18,40931,1,30329,0.99,10336
19,43442,1.06,32027,1.06,12238
20,44688,1.03,32542,1.02,11628
21,42885,0.96,32412,1,11453
22,43872,1.02,32619,1.01,11291
23,43350,0.99,32677,1,11408
24,43846,1.01,32614,1,11279
25,41730,0.95,31540,0.97,10239
26,41470,0.99,31108,0.99,10362
27,41241,0.99,30825,0.99,10505
28,40597,0.98,30473,0.99,10389
29,41093,1.01,30601,1,10892
30,42394,1.03,30857,1.01,10830
31,42619,1.01,31611,1.02,11706
2,36530,0,21190,0.7,0
3,34617,0.95,26280,1.24,14311
4,34360,0.99,26017,0.99,8849
5,36215,1.05,26803,1.03,9789
6,36944,1.02,27387,1.02,10020
7,38106,1.03,28377,1.04,10616
8,39562,1.04,28672,1.01,10259
9,40024,1.01,29698,1.04,11196
10,39527,0.99,29481,0.99,10193
11,39578,1,29515,1,10408
12,39889,1.01,29767,1.01,10343
13,40199,1.01,29815,1,10300
14,39752,0.99,29327,0.98,9932
15,42303,1.06,29964,1.02,10875
16,41321,0.98,30833,1.03,11711
17,40787,0.99,30396,0.99,10295
18,41161,1.01,30220,0.99,10331
19,41808,1.02,30855,1.02,11259
20,41413,0.99,30521,0.99,10357
21,42236,1.02,31431,1.03,11674
22,41692,0.99,31420,1,11032
23,41124,0.99,30583,0.97,9907
24,40848,0.99,30720,1,10991
25,40241,0.99,30248,0.98,10137
26,40719,1.01,30505,1.01,10783
27,41609,1.02,31112,1.02,10982
28,41332,0.99,30939,0.99,10708
29,40951,0.99,30852,1,10413
30,41461,1.01,31067,1.01,10893
31,40165,0.97,30375,0.98,10005
2,36362,0,21050,0.7,0
3,34874,0.96,26316,1.25,14261
4,35374,1.01,26546,1.01,9318
5,37061,1.05,27436,1.03,10057
6,36877,1,27927,1.02,10105
7,36325,0.99,27693,0.99,9447
8,36891,1.02,27862,1.01,9668
9,36613,0.99,27525,0.99,9251
10,37228,1.02,28161,1.02,10070
11,38449,1.03,28685,1.02,10345
12,39267,1.02,29362,1.02,10671
13,39986,1.02,29986,1.02,10907
14,39889,1,29728,0.99,9928
15,40365,1.01,29841,1,10490
16,40062,0.99,29643,0.99,10133
17,40925,1.02,29984,1.01,10878
18,42598,1.04,31316,1.04,11977
19,41380,0.97,31309,1,10959
20,42812,1.03,31669,1.01,11140
21,42558,0.99,31585,1,11124
22,42370,1,31508,1,10952
23,43589,1.03,32232,1.02,11691
24,43130,0.99,32379,1,11468
25,44126,1.02,32633,1.01,11486
26,44057,1,32818,1.01,11634
27,44644,1.01,33439,1.02,12038
28,44635,1,33621,1.01,11689
29,43326,0.97,32546,0.97,10490
30,42771,0.99,32287,0.99,10979
31,43848,1.03,32475,1.01,11216
2,36677,0,21397,0.7,0
3,34404,0.94,26432,1.24,14147
4,35484,1.03,26384,1,8873
5,34335,0.97,26012,0.99,8897
6,35880,1.04,26892,1.03,9924
7,37441,1.04,27574,1.03,9954
8,38036,1.02,28172,1.02,10343
9,39291,1.03,29091,1.03,10726
10,38384,0.98,29066,1,10203
11,38287,1,28998,1,9993
12,39365,1.03,28947,1,9897
13,39641,1.01,29470,1.02,10681
14,40146,1.01,29640,1.01,10476
15,40891,1.02,30396,1.03,11450
16,42466,1.04,30905,1.02,11219
17,42705,1.01,31384,1.02,11531
18,43092,1.01,31759,1.01,11468
19,42668,0.99,32152,1.01,11454
20,41398,0.97,31086,0.97,9791
21,39627,0.96,29773,0.96,9410
22,41443,1.05,30539,1.03,11045
23,41214,0.99,30881,1.01,10922
24,43150,1.05,31660,1.03,11584
25,44270,1.03,32752,1.03,12328
26,43575,0.98,32415,0.99,11224
27,45158,1.04,32869,1.01,11930
28,46827,1.04,34083,1.04,12772
29,46795,1,35079,1.03,12979
30,46431,0.99,34810,0.99,11704
31,46737,1.01,35149,1.01,12277
2,36726,0,21282,0.7,0
3,33369,0.91,25867,1.22,13787
4,33804,1.01,25501,0.99,8438
5,35388,1.05,26407,1.04,9812
6,35133,0.99,26504,1,9188
7,37011,1.05,27086,1.02,9821
8,36595,0.99,27538,1.02,10154
9,37633,1.03,28006,1.02,10046
10,38422,1.02,28742,1.03,10454
11,39107,1.02,28650,1,10027
12,41142,1.05,29710,1.04,11306
13,40250,0.98,30038,1.01,10902
14,41798,1.04,30743,1.02,11247
15,42492,1.02,31332,1.02,11352
16,43723,1.03,32040,1.02,11568
17,43854,1,32304,1.01,11380
18,44059,1,33055,1.02,12058
19,45159,1.02,33612,1.02,12220
20,44382,0.98,33294,0.99,11293
21,44094,0.99,32878,0.99,10947
22,44002,1,33559,1.02,12137
23,45262,1.03,33755,1.01,11856
24,44060,0.97,33359,0.99,11196
25,44485,1.01,32852,0.98,11008
26,45119,1.01,33746,1.03,12424
27,44944,1,33265,0.99,11051
28,45086,1,33560,1.01,11882
29,43460,0.96,32880,0.98,10957
30,45457,1.05,33124,1.01,11644
31,44170,0.97,33435,1.01,11953
2,37658,0,21362,0.7,0
3,33558,0.89,26192,1.23,14087
4,34297,1.02,25776,0.98,8359
5,34561,1.01,25846,1,9152
6,34863,1.01,26367,1.02,9585
7,35508,1.02,26755,1.01,9589
8,34852,0.98,26366,0.99,8825
9,37232,1.07,27370,1.04,10065
10,37882,1.02,28214,1.03,10551
11,39081,1.03,28848,1.02,10577
12,39198,1,29013,1.01,10325
13,38497,0.98,29042,1,10214
14,39414,1.02,29487,1.02,10585
15,41055,1.04,30102,1.02,10860
16,41138,1,30211,1,10748
17,41764,1.02,30986,1.03,11503
18,41976,1.01,31053,1,10969
19,42416,1.01,31578,1.02,11293
20,42898,1.01,32300,1.02,11568
21,43982,1.03,32745,1.01,11649
22,44323,1.01,32435,0.99,11101
23,42610,0.96,32297,1,11167
24,43138,1.01,32430,1,11200
25,42219,0.98,31672,0.98,10275
26,43064,1.02,31755,1,11140
27,43292,1.01,32405,1.02,11684
28,43226,1,32346,1,11161
29,44383,1.03,32130,0.99,10837
30,43896,0.99,32600,1.01,11912
31,42626,0.97,31955,0.98,10608
2,36899,0,20959,0.7,0
3,32593,0.88,25250,1.2,13420
4,33777,1.04,25223,1,8663
5,34079,1.01,25552,1.01,9063
6,36094,1.06,26482,1.04,9793
7,36342,1.01,26893,1.02,9779
8,34859,0.96,26877,1,9352
9,34878,1,26076,0.97,8304
10,34432,0.99,25901,0.99,8995
11,35169,1.02,26778,1.03,9922
12,37555,1.07,27273,1.02,9863
13,38314,1.02,28384,1.04,10917
14,38334,1,28711,1.01,10284
15,38449,1,28907,1.01,10022
16,40007,1.04,29571,1.02,10738
17,39625,0.99,29826,1.01,10572
18,40610,1.02,30207,1.01,10825
19,39985,0.98,30078,1,10509
20,39715,0.99,30201,1,10564
21,39052,0.98,29465,0.98,9448
22,39552,1.01,29168,0.99,10021
23,39807,1.01,30076,1.03,11196
24,40811,1.03,30359,1.01,10754
25,42396,1.04,30880,1.02,11036
26,44086,1.04,32041,1.04,12190
27,45437,1.03,33152,1.03,12475
28,44199,0.97,33120,1,11542
29,44742,1.01,33427,1.01,11815
30,44467,0.99,32825,0.98,11012
31,44079,0.99,33525,1.02,12235
2,34454,0,21408,0.7,0
3,32510,0.94,25003,1.17,12283
4,32933,1.01,24802,0.99,8305
5,33450,1.02,24997,1.01,8766
6,34544,1.03,25509,1.02,9299
7,35038,1.01,26551,1.04,9946
8,35825,1.02,27029,1.02,9596
9,37401,1.04,27583,1.02,9823
10,37639,1.01,28462,1.03,10612
11,39450,1.05,28893,1.02,10347
12,40782,1.03,29957,1.04,11340
13,40761,1,30375,1.01,10921
14,39863,0.98,30080,0.99,10318
15,40124,1.01,30011,1,10387
16,41211,1.03,31058,1.03,11567
17,41275,1,30780,0.99,10444
18,42875,1.04,31538,1.02,11555
19,43032,1,31449,1,10928
20,41988,0.98,31614,1.01,11330
21,41612,0.99,31309,0.99,10727
22,41498,1,31005,0.99,10549
23,41848,1.01,31102,1,10838
24,40926,0.98,30804,0.99,10542
25,41547,1.02,30785,1,10743
26,41176,0.99,31094,1.01,10857
27,41540,1.01,30868,0.99,10628
28,40449,0.97,30228,0.98,10023
29,41292,1.02,30939,1.02,11235
30,42421,1.03,30941,1,10763
31,43191,1.02,32166,1.04,12231
2,35260,0,21510,0.7,0
3,33944,0.96,26087,1.21,13423
4,34028,1,25324,0.97,8282
5,35056,1.03,26081,1.03,9620
6,35069,1,26541,1.02,9518
7,35469,1.01,26518,1,9183
8,36092,1.02,27391,1.03,10265
9,35911,0.99,26567,0.97,8616
10,37009,1.03,27862,1.05,10677
11,38569,1.04,28554,1.02,10335
12,39288,1.02,29319,1.03,10723
13,39045,0.99,29643,1.01,10577
14,41103,1.05,30048,1.01,10682
15,38920,0.95,29750,0.99,10186
16,41466,1.07,30499,1.03,11079
17,40063,0.97,30760,1.01,10991
18,40620,1.01,30245,0.98,9895
19,41846,1.03,30837,1.02,11243
20,42570,1.02,31586,1.02,11573
21,43965,1.03,32279,1.02,11775
22,43751,1,32508,1.01,11430
23,43472,0.99,32610,1,11454
24,44542,1.02,32782,1.01,11398
25,42891,0.96,32417,0.99,11013
26,44116,1.03,32194,0.99,11118
27,43900,1,32631,1.01,11786
28,44611,1.02,32653,1,11239
29,45454,1.02,33744,1.03,12718
30,44384,0.98,32901,0.98,10951
31,45512,1.03,33648,1.02,12265
2,35915,0,21309,0.7,0
3,34268,0.95,25956,1.22,13430
4,35072,1.02,26046,1,9123
5,34731,0.99,26019,1,9027
6,35474,1.02,25993,1,8988
7,35623,1,26749,1.03,9901
8,37427,1.05,27549,1.03,10133
9,37573,1,27874,1.01,10064
10,39132,1.04,29059,1.04,11012
11,41229,1.05,30482,1.05,11600
12,40913,0.99,30285,0.99,10488
13,40364,0.99,30212,1,10421
14,39893,0.99,29932,0.99,9958
15,39436,0.99,29438,0.98,9755
16,39340,1,29738,1.01,10647
17,40970,1.04,30099,1.01,10702
18,41013,1,30296,1.01,10908
19,40789,0.99,30306,1,10511
20,40003,0.98,29793,0.98,10132
21,40565,1.01,30297,1.02,10834
22,40462,1,30312,1,10689
23,40450,1,30479,1.01,10550
24,40393,1,30180,0.99,10154
25,41919,1.04,30960,1.03,11275
26,41286,0.98,30989,1,11013
27,41174,1,31496,1.02,11350
28,42485,1.03,31593,1,10848
29,43764,1.03,32164,1.02,11519
30,45099,1.03,32904,1.02,11918
31,44343,0.98,33313,1.01,11923
2,36787,0,21453,0.7,0
3,34574,0.94,25911,1.21,13629
4,35096,1.02,26377,1.02,9422
5,36291,1.03,26853,1.02,9664
6,37343,1.03,27799,1.04,10369
7,37683,1.01,28091,1.01,9936
8,38971,1.03,28920,1.03,10686
9,39216,1.01,29380,1.02,10573
10,38590,0.98,29323,1,10161
11,39435,1.02,29176,0.99,9966
12,39646,1.01,29350,1.01,10385
13,38927,0.98,29245,1,10033
14,39159,1.01,29240,1,10255
15,39324,1,29913,1.02,10689
16,40483,1.03,30354,1.01,10658
17,40906,1.01,30607,1.01,10769
18,40585,0.99,30218,0.99,10154
19,39942,0.98,30058,0.99,10365
20,40704,1.02,30335,1.01,10683
21,40715,1,30898,1.02,10977
22,42083,1.03,30901,1,10628
23,41498,0.99,30944,1,10850
24,41584,1,31077,1,11072
25,40844,0.98,30745,0.99,10533
26,40874,1,30557,0.99,10378
27,40458,0.99,30617,1,10714
28,41529,1.03,30947,1.01,11073
29,41292,0.99,30637,0.99,10542
30,40720,0.99,30643,1,10747
31,42801,1.05,31150,1.02,11190
2,36285,0,21401,0.7,0
3,34033,0.94,26292,1.23,13895
4,35523,1.04,25896,0.98,8629
5,35793,1.01,26598,1.03,9914
6,34922,0.98,26326,0.99,8924
7,35952,1.03,26737,1.02,9501
8,36647,1.02,27229,1.02,9876
9,36142,0.99,27152,1,9380
10,36746,1.02,27630,1.02,9889
11,36283,0.99,27356,0.99,9322
12,38072,1.05,28006,1.02,10330
13,38349,1.01,28322,1.01,10096
14,39476,1.03,29484,1.04,11091
15,38666,0.98,28924,0.98,9749
16,38667,1,29121,1.01,10368
17,39689,1.03,29417,1.01,10323
18,40256,1.01,29723,1.01,10545
19,40147,1,30199,1.02,10732
20,41268,1.03,30718,1.02,11179
21,41452,1,30844,1,10781
22,42878,1.03,31659,1.03,11627
23,42581,0.99,31901,1.01,11416
24,41903,0.98,31476,0.99,10794
25,41548,0.99,31250,0.99,10588
26,42546,1.02,31510,1.01,11103
27,42059,0.99,31418,1,10800
28,43021,1.02,31892,1.02,11462
29,42209,0.98,31316,0.98,10547
30,43537,1.03,32116,1.03,11580
31,41959,0.96,31871,0.99,10839
2,37508,0,21386,0.7,0
3,34109,0.91,26363,1.23,14123
4,34881,1.02,26070,0.99,8634
5,34632,0.99,26245,1.01,9167
6,35932,1.04,26622,1.01,9474
7,36216,1.01,27374,1.03,10021
8,38124,1.05,27576,1.01,9773
9,38158,1,28442,1.03,10841
10,37809,0.99,28302,1,9813
11,38020,1.01,28431,1,9925
12,38687,1.02,28751,1.01,10047
13,39700,1.03,29207,1.02,10600
14,41344,1.04,30554,1.05,11678
15,40319,0.98,30568,1,10611
16,39822,0.99,29958,0.98,9729
17,39462,0.99,29756,0.99,10043
18,40613,1.03,30203,1.02,10780
19,40154,0.99,30087,1,10295
20,39552,0.99,29489,0.98,9839
21,40546,1.03,30012,1.02,10745
22,41425,1.02,30928,1.03,11385
23,42203,1.02,31695,1.02,11554
24,43681,1.04,32650,1.03,12070
25,42881,0.98,32211,0.99,10961
26,41729,0.97,31480,0.98,10293
27,42372,1.02,31031,0.99,10325
28,43216,1.02,31850,1.03,11797
29,43797,1.01,32283,1.01,11547
30,43065,0.98,32151,1,11191
31,42647,0.99,32383,1.01,11375
2,37359,0,21184,0.7,0
3,35908,0.96,27155,1.28,15230
4,36908,1.03,27499,1.01,9755
5,37402,1.01,27571,1,9896
6,37239,1,27962,1.01,10034
7,36580,0.98,27925,1,9793
8,36294,0.99,27367,0.98,8886
9,37894,1.04,27902,1.02,10059
10,39042,1.03,28640,1.03,10596
11,39261,1.01,29249,1.02,10729
12,40522,1.03,29455,1.01,10517
13,41903,1.03,30718,1.04,11942
14,40833,0.97,30087,0.98,10128
15,39546,0.97,30098,1,10474
16,37646,0.95,28832,0.96,9139
17,38250,1.02,28482,0.99,9401
18,39887,1.04,29738,1.04,11207
19,41368,1.04,30527,1.03,11245
20,41792,1.01,31112,1.02,11218
21,43022,1.03,31941,1.03,11851
22,44232,1.03,32325,1.01,11576
23,43943,0.99,32484,1,11554
24,45109,1.03,32776,1.01,11463
25,43498,0.96,33089,1.01,11663
26,44764,1.03,33220,1,11461
27,43690,0.98,32649,0.98,10988
28,43961,1.01,32444,0.99,11206
29,43623,0.99,32595,1,11434
30,43513,1,32355,0.99,11034
31,43126,0.99,32223,1,11169
2,35284,0,21108,0.7,0
3,32905,0.93,25608,1.21,13497
4,32856,1,24758,0.97,7722
5,34149,1.04,25324,1.02,9311
6,34858,1.02,26186,1.03,9887
7,35784,1.03,26638,1.02,9591
8,36615,1.02,27113,1.02,9701
9,38159,1.04,28167,1.04,10621
10,37935,0.99,28550,1.01,10133
11,40246,1.06,29422,1.03,10775
12,41578,1.03,30647,1.04,11640
13,41567,1,30905,1.01,11082
14,41630,1,30990,1,10862
15,43608,1.05,31574,1.02,11380
16,44740,1.03,33060,1.05,12699
17,44766,1,33303,1.01,11632
18,44651,1,33316,1,11580
19,44785,1,33857,1.02,12019
20,44736,1,33367,0.99,11163
21,46536,1.04,34463,1.03,12653
22,47519,1.02,34909,1.01,12480
23,48848,1.03,35954,1.03,13344
24,48207,0.99,36161,1.01,12747
25,48872,1.01,36170,1,12446
26,49438,1.01,37088,1.03,13767
27,49601,1,36816,0.99,12538
28,50996,1.03,37458,1.02,13509
29,49469,0.97,37117,0.99,12748
30,50478,1.02,36822,0.99,12599
31,51793,1.03,37981,1.03,14099
2,36304,0,21786,0.71,0
3,34424,0.95,25953,1.19,13223
4,34925,1.01,26329,1.01,9450
5,36013,1.03,26950,1.02,9840
6,36481,1.01,27335,1.01,9793
7,36771,1.01,27588,1.01,9809
8,37284,1.01,27675,1,9614
9,36558,0.98,27645,1,9525
10,36156,0.99,27370,0.99,9158
11,37638,1.04,27874,1.02,10021
12,37438,0.99,28238,1.01,10215
13,38049,1.02,28473,1.01,9969
14,37868,1,29002,1.02,10429
15,40700,1.07,29880,1.03,10859
16,40924,1.01,30674,1.03,11138
17,41057,1,30958,1.01,11000
18,42528,1.04,31134,1.01,10815
19,43306,1.02,32200,1.03,12138
20,44062,1.02,33055,1.03,12174
21,44444,1.01,33107,1,11493
22,44264,1,33027,1,11428
23,42406,0.96,31849,0.96,10178
24,43365,1.02,31802,1,11079
25,42588,0.98,31738,1,10905
26,41109,0.97,31072,0.98,10245
27,39623,0.96,29947,0.96,9563
28,40711,1.03,30410,1.02,10846
29,40276,0.99,30094,0.99,10343
30,40897,1.02,30320,1.01,10646
31,40694,1,30502,1.01,10717
2,38192,0,21584,0.7,0
3,35222,0.92,26985,1.25,14900
4,35592,1.01,26891,1,9092
5,36219,1.02,27562,1.02,10009
6,37302,1.03,27557,1,9424
7,37075,0.99,28160,1.02,10312
8,36980,1,27673,0.98,9336
9,36720,0.99,27790,1,9629
10,35880,0.98,27169,0.98,8904
11,36879,1.03,28041,1.03,10288
12,37459,1.02,28002,1,9590
13,38373,1.02,28067,1,9724
14,38669,1.01,28780,1.03,10725
15,37906,0.98,28583,0.99,9824
16,38467,1.01,28615,1,9855
17,40196,1.04,29412,1.03,10900
18,38859,0.97,29149,0.99,10115
19,38242,0.98,28276,0.97,9133
20,39686,1.04,28922,1.02,10530
21,41066,1.03,30337,1.05,11778
22,41827,1.02,30852,1.02,11240
23,40930,0.98,30832,1,10615
24,41704,1.02,31132,1.01,10820
25,41142,0.99,30727,0.99,10431
26,43341,1.05,31716,1.03,11661
27,41553,0.96,31587,1,11109
28,41890,1.01,31314,0.99,10412
29,42415,1.01,31485,1.01,11115
30,40477,0.95,30700,0.98,10047
31,42403,1.05,31302,1.02,11364
2,36043,0,21378,0.7,0
3,33450,0.93,25702,1.2,13355
4,35341,1.06,25835,1.01,8994
5,34528,0.98,26166,1.01,9530
6,35202,1.02,25836,0.99,8861
7,35586,1.01,26370,1.02,9648
8,36191,1.02,26486,1,9581
9,36732,1.01,27755,1.05,10690
10,37011,1.01,27656,1,9506
11,36888,1,28059,1.01,10044
12,37123,1.01,27824,0.99,9417
13,38341,1.03,28067,1.01,9865
14,39620,1.03,29202,1.04,11111
15,40482,1.02,30326,1.04,11262
16,39921,0.99,29620,0.98,9859
17,41100,1.03,30376,1.03,10981
18,41953,1.02,30713,1.01,10906
19,43424,1.04,32157,1.05,12207
20,43245,1,32443,1.01,11564
21,43310,1,32630,1.01,11295
22,43692,1.01,32486,1,11160
23,41247,0.94,31898,0.98,10632
24,42928,1.04,31581,0.99,10322
25,41327,0.96,31270,0.99,10775
26,42846,1.04,31917,1.02,11396
27,42098,0.98,31412,0.98,10509
28,42708,1.01,31423,1,10860
29,42509,1,31960,1.02,11371
30,43001,1.01,31986,1,11001
31,42856,1,31578,0.99,10693
2,35885,0,21374,0.7,0
3,33833,0.94,25838,1.21,13552
4,34955,1.03,25788,1,8894
5,34081,0.97,25725,1,9184
6,34298,1.01,25845,1,9081
7,35308,1.03,26255,1.02,9519
8,36006,1.02,26858,1.02,9776
9,37467,1.04,27879,1.04,10494
10,38918,1.04,28452,1.02,10326
11,39923,1.03,29536,1.04,11089
12,38383,0.96,28889,0.98,9551
13,37580,0.98,28517,0.99,9633
14,38887,1.03,28637,1,9939
15,39281,1.01,29262,1.02,10688
16,37916,0.97,28806,0.98,9763
17,38404,1.01,28450,0.99,9432
18,40303,1.05,29493,1.04,11071
19,39658,0.98,30119,1.02,10985
20,39818,1,29980,1,10265
21,38353,0.96,29237,0.98,9571
22,38710,1.01,29101,1,9920
23,39227,1.01,29173,1,10107
24,39775,1.01,29345,1.01,10461
25,39895,1,29524,1.01,10375
26,39723,1,29538,1,10381
27,39700,1,29879,1.01,10534
28,39745,1,29974,1,10371
29,41552,1.05,30706,1.02,11210
30,40287,0.97,30905,1.01,10866
31,39713,0.99,29985,0.97,9560
2,36934,0,21669,0.7,0
3,35073,0.95,26890,1.24,14360
4,35681,1.02,26460,0.98,8907
5,35367,0.99,26798,1.01,9611
6,36605,1.04,27333,1.02,9796
7,36039,0.98,27544,1.01,9693
8,37585,1.04,27903,1.01,9665
9,38942,1.04,28526,1.02,10263
10,36916,0.95,28330,0.99,9899
11,35818,0.97,27391,0.97,8643
12,35649,1,27076,0.99,8963
13,37596,1.05,28132,1.04,10324
14,37814,1.01,28683,1.02,10335
15,38266,1.01,28718,1,9914
16,38328,1,28440,0.99,9698
17,39232,1.02,29069,1.02,10534
18,39478,1.01,29973,1.03,11030
19,40421,1.02,29928,1,10318
20,40028,0.99,29933,1,10400
21,39385,0.98,29579,0.99,10052
22,41088,1.04,30019,1.01,10640
23,40931,1,30642,1.02,11341
24,42397,1.04,31230,1.02,11235
25,44022,1.04,32234,1.03,11976
26,45745,1.04,33667,1.04,12614
27,45039,0.98,33674,1,11851
28,44190,0.98,33247,0.99,11089
29,44320,1,33201,1,11486
30,43085,0.97,32181,0.97,10484
31,43249,1,32432,1.01,11432
2,36352,0,21343,0.7,0
3,33312,0.92,25665,1.2,13355
4,33850,1.02,25499,0.99,8741
5,34437,1.02,26101,1.02,9389
6,36311,1.05,27068,1.04,9986
7,37290,1.03,27669,1.02,10098
8,37300,1,27877,1.01,9965
9,38462,1.03,28444,1.02,10347
10,39240,1.02,29297,1.03,10994
11,38772,0.99,29457,1.01,10390
12,41006,1.06,30092,1.02,10775
13,41192,1,30461,1.01,10823
14,42237,1.03,31713,1.04,11869
15,41163,0.97,30705,0.97,9981
16,41494,1.01,30898,1.01,10663
17,41085,0.99,30702,0.99,10495
18,39430,0.96,30514,0.99,10356
19,40418,1.03,29662,0.97,9529
20,39467,0.98,29681,1,10576
21,39565,1,29647,1,10155
22,40390,1.02,29902,1.01,10481
23,41225,1.02,30533,1.02,11153
24,42377,1.03,31412,1.03,11509
25,41109,0.97,31105,0.99,10491
26,43084,1.05,32069,1.03,11656
27,43144,1,31443,0.98,10452
28,43259,1,32105,1.02,11739
29,42305,0.98,31496,0.98,10465
30,43028,1.02,32037,1.02,11546
31,41783,0.97,31567,0.99,10549
2,37008,0,21522,0.71,0
3,35426,0.96,26271,1.22,13881
4,34594,0.98,25919,0.99,8810
5,34745,1,26386,1.02,9459
6,35772,1.03,26864,1.02,9595
7,35917,1,26695,0.99,9131
8,34998,0.97,26744,1,9313
9,34788,0.99,25997,0.97,8462
10,35380,1.02,26472,1.02,9617
11,36644,1.04,27373,1.03,10117
12,37176,1.01,27828,1.02,9951
13,37130,1,27816,1,9519
14,37961,1.02,28524,1.03,10315
15,38250,1.01,28711,1.01,9863
16,40036,1.05,29330,1.02,10624
17,40651,1.02,29617,1.01,10545
18,39533,0.97,29818,1.01,10583
19,39908,1.01,29667,0.99,10069
20,38507,0.96,29528,1,10217
21,37876,0.98,28755,0.97,9283
22,39103,1.03,28782,1,9979
23,40499,1.04,29993,1.04,11479
24,40517,1,30592,1.02,10950
25,40792,1.01,30645,1,10642
26,41269,1.01,30732,1,10828
27,40575,0.98,30650,1,10409
28,41823,1.03,31009,1.01,10920
29,43231,1.03,31802,1.03,11705
30,44134,1.02,32592,1.02,11962
31,44955,1.02,33342,1.02,12283
2,35926,0,21408,0.7,0
3,33978,0.95,25508,1.19,13084
4,33144,0.98,25206,0.99,8644
5,32436,0.98,24801,0.98,8333
6,34710,1.07,25622,1.03,9369
7,34951,1.01,25787,1.01,9300
8,35432,1.01,26437,1.03,9768
9,34800,0.98,26516,1,9405
10,36772,1.06,27114,1.02,9817
11,35741,0.97,26931,0.99,9482
12,37210,1.04,27649,1.03,10124
13,38374,1.03,28252,1.02,10335
14,38528,1,28610,1.01,10246
15,39377,1.02,29634,1.04,11083
16,41208,1.05,30093,1.02,10864
17,40339,0.98,30221,1,10859
18,41858,1.04,30543,1.01,10735
19,40421,0.97,30455,1,10690
20,42795,1.06,31361,1.03,11554
21,44181,1.03,32493,1.04,12335
22,45927,1.04,33462,1.03,12495
23,45176,0.98,33693,1.01,11847
24,44487,0.98,32975,0.98,10997
25,44743,1.01,32917,1,11532
26,44843,1,32771,1,11229
27,44830,1,33053,1.01,11801
28,44961,1,33161,1,11662
29,45627,1.01,33754,1.02,12353
30,46230,1.01,34026,1.01,12143
31,45437,0.98,33903,1,11944
2,36648,0,21364,0.7,0
3,34042,0.93,25968,1.22,13832
4,36459,1.07,26665,1.03,9752
5,35622,0.98,26952,1.01,9831
6,36926,1.04,27812,1.03,10144
7,37648,1.02,28076,1.01,10004
8,36781,0.98,27899,0.99,9564
9,37582,1.02,28142,1.01,9956
10,37367,0.99,28234,1,9748
11,38772,1.04,28501,1.01,10144
12,38698,1,28715,1.01,10271
13,38570,1,29184,1.02,10626
14,37691,0.98,28643,0.98,9478
15,39973,1.06,29587,1.03,10732
16,41907,1.05,30899,1.04,11707
17,42901,1.02,31474,1.02,11422
18,43785,1.02,32206,1.02,11679
19,42464,0.97,32126,1,11231
20,41862,0.99,31751,0.99,10545
21,43404,1.04,31740,1,11010
22,44243,1.02,32934,1.04,12441
23,44734,1.01,33755,1.02,12343
24,44501,0.99,32837,0.97,10692
25,43940,0.99,33042,1.01,11681
26,44558,1.01,32795,0.99,11282
27,44720,1,32446,0.99,11035
28,44416,0.99,33195,1.02,12533
29,43261,0.97,32303,0.97,10585
30,41975,0.97,31546,0.98,10510
31,42516,1.01,31494,1,10864
2,36370,0,21673,0.71,0
3,34442,0.95,26166,1.21,13632
4,34284,1,25719,0.98,8585
5,34838,1.02,25999,1.01,9218
6,35194,1.01,26287,1.01,9318
7,36600,1.04,27197,1.03,9995
8,38168,1.04,27779,1.02,10155
9,39126,1.03,29153,1.05,11340
10,38330,0.98,29047,1,10041
11,38296,1,28448,0.98,9429
12,39653,1.04,28653,1.01,10339
13,41028,1.03,30509,1.06,11986
14,41801,1.02,30924,1.01,11024
15,41184,0.99,30395,0.98,10209
16,42649,1.04,31125,1.02,11314
17,42033,0.99,31359,1.01,11345
18,40422,0.96,30844,0.98,10346
19,40072,0.99,29944,0.97,9700
20,40722,1.02,29900,1,10473
21,41343,1.02,30820,1.03,11435
22,41484,1,31137,1.01,11205
23,40903,0.99,30562,0.98,10153
24,42072,1.03,30896,1.01,11050
25,41523,0.99,31347,1.01,11326
26,44480,1.07,32459,1.04,12094
27,44783,1.01,33402,1.03,12577
28,47522,1.06,34742,1.04,13052
29,47722,1,35275,1.02,12765
30,47259,0.99,35091,0.99,12285
31,46130,0.98,34345,0.98,11424
2,38897,0,21757,0.71,0
3,35815,0.92,27305,1.25,15177
4,36771,1.03,27245,1,9388
5,36238,0.99,27327,1,9491
6,34977,0.97,26528,0.97,8592
7,35828,1.02,26894,1.01,9422
8,36920,1.03,27224,1.01,9630
9,37532,1.02,27773,1.02,10082
10,37718,1,28316,1.02,10256
11,38011,1.01,28650,1.01,10150
12,38331,1.01,28482,0.99,9904
13,38311,1,28764,1.01,10163
14,38921,1.02,29329,1.02,10502
15,40348,1.04,29607,1.01,10486
16,42261,1.05,30898,1.04,11716
17,43035,1.02,31894,1.03,11856
18,43081,1,31637,0.99,11009
19,44106,1.02,32942,1.04,12484
20,43893,1,32899,1,11266
21,43600,0.99,32841,1,11281
22,44368,1.02,32543,0.99,11029
23,43669,0.98,32576,1,11475
24,43048,0.99,31700,0.97,10303
25,41257,0.96,31454,0.99,10900
26,41939,1.02,31545,1,10859
27,41014,0.98,31170,0.99,10314
28,42566,1.04,32110,1.03,11681
29,42265,0.99,31581,0.98,10408
30,43862,1.04,32152,1.02,11450
31,42938,0.98,31591,0.98,10820
2,36757,0,21684,0.71,0
3,34319,0.93,26277,1.21,13732
4,36124,1.05,26597,1.01,9505
5,37860,1.05,27874,1.05,10573
6,38422,1.01,28625,1.03,10607
7,39557,1.03,29181,1.02,10582
8,39654,1,29267,1,10329
9,38737,0.98,28756,0.98,9531
10,37560,0.97,28306,0.98,9547
11,36669,0.98,27369,0.97,8789
12,38069,1.04,28185,1.03,10462
13,38174,1,28558,1.01,10370
14,40111,1.05,29494,1.03,10959
15,40150,1,30031,1.02,10981
16,41664,1.04,30791,1.03,11177
17,42491,1.02,31785,1.03,11871
18,42217,0.99,31238,0.98,10360
19,40526,0.96,30640,0.98,10196
20,41751,1.03,30916,1.01,10818
21,40090,0.96,30468,0.99,10159
22,41150,1.03,30528,1,10622
23,40339,0.98,30646,1,10666
24,39457,0.98,29769,0.97,9561
25,41112,1.04,30099,1.01,10650
26,42463,1.03,31160,1.04,11777
27,41267,0.97,30777,0.99,10476
28,41095,1,30331,0.99,10199
29,40677,0.99,30246,1,10485
30,40863,1,30553,1.01,10785
31,40776,1,30470,1,10475
2,38155,0,21717,0.7,0
3,35089,0.92,27144,1.25,14879
4,36525,1.04,27300,1.01,9396
5,37606,1.03,27532,1.01,9819
6,39069,1.04,28370,1.03,10606
7,38352,0.98,28773,1.01,10357
8,38667,1.01,29106,1.01,10321
9,39230,1.01,29414,1.01,10330
10,40070,1.02,29660,1.01,10446
11,41282,1.03,30108,1.02,10852
12,41582,1.01,31180,1.04,11864
13,41465,1,30848,0.99,10420
14,41857,1.01,31115,1.01,10981
15,43982,1.05,32417,1.04,12249
16,43877,1,32436,1,11150
17,43901,1,32900,1.01,11702
18,43728,1,32452,0.99,10921
19,44063,1.01,32825,1.01,11735
20,42271,0.96,31631,0.96,10396
21,40650,0.96,30864,0.98,10060
22,41063,1.01,30654,0.99,10493
23,40913,1,30638,1,10665
24,42410,1.04,31270,1.02,11208
25,42423,1,31151,1,10954
26,41717,0.98,31196,1,11021
27,41081,0.98,31196,1,10670
28,41143,1,30791,0.99,10316
29,40322,0.98,30544,0.99,10516
30,38746,0.96,29178,0.96,9000
31,38030,0.98,28910,0.99,9944
2,35897,0,20914,0.7,0
3,33920,0.94,25665,1.23,13772
4,34278,1.01,25490,0.99,8681
5,34463,1.01,25856,1.01,9484
6,34445,1,26049,1.01,9129
7,35596,1.03,26303,1.01,9163
8,36870,1.04,27380,1.04,10373
9,38587,1.05,28108,1.03,10305
10,39740,1.03,29822,1.06,11838
11,40995,1.03,30858,1.03,11544
12,42899,1.05,31570,1.02,11431
13,42865,1,32021,1.01,11487
14,44547,1.04,33093,1.03,12214
15,45776,1.03,34289,1.04,12786
16,44790,0.98,33661,0.98,11312
17,44788,1,33249,0.99,11190
18,46212,1.03,33577,1.01,11800
19,46809,1.01,34152,1.02,12522
20,45918,0.98,33633,0.98,11620
21,46372,1.01,34152,1.02,12306
22,46626,1.01,34891,1.02,12890
23,46004,0.99,33900,0.97,11035
24,45258,0.98,33705,0.99,11693
25,43949,0.97,33345,0.99,11422
26,44944,1.02,33331,1,11368
27,45827,1.02,33855,1.02,12159
28,46559,1.02,34329,1.01,12193
29,48174,1.03,35831,1.04,13541
30,48601,1.01,35723,1,12244
31,46848,0.96,35744,1,12657
2,35966,0,21553,0.71,0
3,34262,0.95,26279,1.22,13757
4,35364,1.03,26703,1.02,9534
5,34669,0.98,26453,0.99,8955
6,34471,0.99,26239,0.99,8821
7,36238,1.05,26761,1.02,9564
8,38414,1.06,28021,1.05,10677
9,38079,0.99,28383,1.01,10141
10,39325,1.03,29148,1.03,10532
11,41746,1.06,30766,1.06,11892
12,42912,1.03,31969,1.04,12011
13,42157,0.98,31505,0.99,10823
14,41108,0.98,31003,0.98,10531
15,42555,1.04,31624,1.02,11290
16,42331,0.99,31758,1,11141
17,41689,0.98,31133,0.98,10251
18,42529,1.02,31688,1.02,11374
19,42377,1,31116,0.98,10491
20,42113,0.99,31324,1.01,11060
21,42661,1.01,31749,1.01,11349
22,41966,0.98,31277,0.99,10579
23,42806,1.02,31862,1.02,11426
24,42847,1,31792,1,10986
25,43674,1.02,32485,1.02,11915
26,43443,0.99,32188,0.99,11067
27,43459,1,32123,1,11123
28,42948,0.99,31979,1,11085
29,44311,1.03,32629,1.02,11657
30,44060,0.99,33125,1.02,11903
31,44001,1,32841,0.99,11175
2,36772,0,21214,0.7,0
3,34720,0.94,26587,1.25,14502
4,34641,1,25827,0.97,8395
5,34378,0.99,26432,1.02,9580
6,34619,1.01,25797,0.98,8135
7,34274,0.99,25890,1,9085
8,36440,1.06,26673,1.03,9778
9,37096,1.02,27472,1.03,10281
10,38563,1.04,28461,1.04,10648
11,39508,1.02,29165,1.02,10756
12,38959,0.99,29168,1,10067
13,39018,1,29368,1.01,10348
14,38962,1,29302,1,9931
15,39901,1.02,29581,1.01,10426
16,40299,1.01,29898,1.01,10611
17,38977,0.97,29580,0.99,9990
18,39150,1,29041,0.98,9669
19,38649,0.99,29125,1,10348
20,37796,0.98,28740,0.99,9816
21,38480,1.02,28589,0.99,9746
22,39146,1.02,28978,1.01,10242
23,40512,1.03,29844,1.03,10894
24,40140,0.99,30316,1.02,11032
25,42610,1.06,31070,1.02,11223
26,41554,0.98,30872,0.99,10884
27,42087,1.01,31063,1.01,10958
28,42354,1.01,31314,1.01,11139
29,44072,1.04,32360,1.03,12081
30,44543,1.01,33057,1.02,11948
31,44063,0.99,32889,0.99,11375
2,35922,0,21761,0.7,0
3,33145,0.92,25213,1.16,12433
4,33346,1.01,25518,1.01,8868
5,33921,1.02,25280,0.99,8520
6,35695,1.05,25994,1.03,9634
7,35456,0.99,26675,1.03,10158
8,37929,1.07,27629,1.04,10351
9,40129,1.06,29283,1.06,11469
10,42095,1.05,30744,1.05,11813
11,40884,0.97,30915,1.01,11032
12,41570,1.02,30931,1,10515
13,40513,0.97,30307,0.98,10029
14,39117,0.97,29823,0.98,10282
15,39091,1,29154,0.98,9369
16,41624,1.06,30349,1.04,11250
17,43252,1.04,31721,1.05,12003
18,43293,1,32229,1.02,11773
19,44144,1.02,32511,1.01,11513
20,44924,1.02,33695,1.04,12404
21,45919,1.02,34416,1.02,12489
22,46612,1.02,34669,1.01,12087
23,46525,1,34384,0.99,11800
24,46918,1.01,34521,1,12250
25,48838,1.04,36020,1.04,13785
26,48840,1,36053,1,12512
27,50843,1.04,36754,1.02,13235
28,49413,0.97,37208,1.01,13414
29,47954,0.97,36112,0.97,11589
30,49018,1.02,36176,1,12558
31,49696,1.01,37211,1.03,13767
2,37331,0,21426,0.7,0
3,34304,0.92,26577,1.24,14268
4,35678,1.04,27006,1.02,9480
5,37177,1.04,27596,1.02,9935
6,36197,0.97,27573,1,9545
7,37077,1.02,27641,1,9492
8,36626,0.99,28059,1.02,9907
9,37064,1.01,27413,0.98,8762
10,38050,1.03,28221,1.03,10589
11,37719,0.99,28167,1,9658
12,39592,1.05,28901,1.03,10571
13,39238,0.99,29467,1.02,10767
14,39402,1,29280,0.99,10183
15,40649,1.03,29798,1.02,10782
16,41620,1.02,30747,1.03,11413
17,42204,1.01,31077,1.01,11028
18,43658,1.03,31810,1.02,11599
19,42777,0.98,32070,1.01,11337
20,43836,1.02,32122,1,11270
21,44844,1.02,32761,1.02,11743
22,43562,0.97,32699,1,11516
23,42838,0.98,32475,0.99,10998
24,43191,1.01,31761,0.98,10535
25,43735,1.01,32246,1.02,11595
26,43545,1,32666,1.01,11582
27,42741,0.98,32199,0.99,10711
28,44749,1.05,32861,1.02,11907
29,45908,1.03,33758,1.03,12549
30,45427,0.99,34316,1.02,12395
31,46579,1.03,34221,1,11752
2,36001,0,21097,0.7,0
3,32699,0.91,25429,1.21,13269
4,32781,1,24877,0.98,8109
5,34663,1.06,25413,1.02,9122
6,35454,1.02,26676,1.05,10115
7,36350,1.03,27133,1.02,9837
8,36730,1.01,27484,1.01,9550
9,38521,1.05,28402,1.03,10438
10,37624,0.98,28306,1,9796
11,37359,0.99,28012,0.99,9416
12,37277,1,28060,1,9885
13,39857,1.07,29146,1.04,10870
14,40556,1.02,30088,1.03,11198
15,40482,1,30287,1.01,10735
16,41689,1.03,30733,1.01,11101
17,40548,0.97,30565,0.99,10518
18,40975,1.01,30470,1,10588
19,40537,0.99,29897,0.98,10039
20,40644,1,30295,1.01,11039
21,42550,1.05,31298,1.03,11626
22,42085,0.99,31547,1.01,11323
23,41483,0.99,31288,0.99,10558
24,41716,1.01,30776,0.98,10335
25,40857,0.98,30392,0.99,10240
26,43540,1.07,31484,1.04,11762
27,41430,0.95,31653,1.01,11414
28,43861,1.06,32371,1.02,11563
29,42594,0.97,32266,1,11199
30,40451,0.95,30955,0.96,9684
31,40870,1.01,30246,0.98,9887
2,36882,0,21332,0.71,0
3,33319,0.9,25974,1.22,13668
4,34284,1.03,25714,0.99,8591
5,35146,1.03,26056,1.01,9256
6,35161,1,26380,1.01,9431
7,37059,1.05,27080,1.03,9986
8,37337,1.01,27953,1.03,10365
9,37681,1.01,28202,1.01,9885
10,37760,1,28599,1.01,10080
11,39999,1.06,30061,1.05,11500
12,42028,1.05,31107,1.03,11737
13,41769,0.99,31602,1.02,11392
14,41110,0.98,30834,0.98,10112
15,42718,1.04,31394,1.02,11251
16,43227,1.01,32189,1.03,11851
17,42569,0.98,31488,0.98,10191
18,42783,1.01,32214,1.02,11781
19,41020,0.96,30961,0.96,9798
20,41206,1,30678,0.99,10201
21,39172,0.95,29771,0.97,9722
22,39507,1.01,29279,0.98,9837
23,41204,1.04,30011,1.03,10928
24,42564,1.03,31393,1.05,12011
25,43164,1.01,31978,1.02,11757
26,43500,1.01,32767,1.02,12093
27,45179,1.04,33487,1.02,12042
28,43546,0.96,32943,0.98,10862
29,42205,0.97,31585,0.96,9917
30,41010,0.97,31081,0.98,10510
31,40577,0.99,30397,0.98,10093
2,36370,0,21043,0.7,0
3,33332,0.92,25357,1.21,13422
4,33202,1,25300,1,8820
5,35542,1.07,26205,1.04,9777
6,34830,0.98,26678,1.02,9485
7,36446,1.05,27134,1.02,9608
8,35365,0.97,26484,0.98,8978
9,35950,1.02,27099,1.02,9845
10,37412,1.04,27828,1.03,10044
11,38461,1.03,28448,1.02,10359
12,38724,1.01,28688,1.01,10157
13,39283,1.01,29310,1.02,10718
14,39295,1,29598,1.01,10591
15,38116,0.97,28914,0.98,9461
16,38847,1.02,28732,0.99,9874
17,38442,0.99,28969,1.01,10155
18,39258,1.02,29371,1.01,10531
19,41661,1.06,30606,1.04,11512
20,43115,1.03,31975,1.04,12025
21,41492,0.96,31730,0.99,10880
22,40811,0.98,30542,0.96,9422
23,39258,0.96,29934,0.98,9946
24,40511,1.03,30183,1.01,10490
25,40792,1.01,29876,0.99,10122
26,39369,0.97,29996,1,10715
27,39765,1.01,29449,0.98,9700
28,39225,0.99,29810,1.01,10671
29,40683,1.04,30199,1.01,10825
30,40311,0.99,30473,1.01,10807
31,41146,1.02,30515,1,10764
2,38302,0,21675,0.7,0
3,35598,0.93,26789,1.24,14538
4,35423,1,26749,1,9204
5,35728,1.01,26679,1,9315
6,37177,1.04,27321,1.02,10043
7,36581,0.98,27531,1.01,9802
8,37893,1.04,27695,1.01,9734
9,36563,0.96,27520,0.99,9516
10,37622,1.03,28232,1.03,10202
11,36649,0.97,27585,0.98,9052
12,37890,1.03,28160,1.02,10065
13,38528,1.02,28645,1.02,10378
14,39146,1.02,29478,1.03,10806
15,37753,0.96,28661,0.97,9355
16,37394,0.99,28332,0.99,9475
17,38337,1.03,28366,1,9803
18,37906,0.99,28715,1.01,10330
19,37431,0.99,27998,0.98,9164
20,37711,1.01,28487,1.02,10009
21,38893,1.03,28807,1.01,10303
22,39112,1.01,29452,1.02,10696
23,41111,1.05,30486,1.04,11321
24,40572,0.99,30480,1,10546
25,41464,1.02,31010,1.02,11087
26,40704,0.98,30885,1,10472
27,41672,1.02,30819,1,10566
28,41259,0.99,30650,0.99,10595
29,41857,1.01,31544,1.03,11635
30,40850,0.98,30710,0.97,9801
31,39803,0.97,30399,0.99,10140
2,36919,0,21108,0.7,0
3,33309,0.9,25592,1.21,13537
4,33798,1.01,25417,0.99,8641
5,33930,1,25605,1.01,8833
6,36474,1.07,26679,1.04,10016
7,37085,1.02,27476,1.03,10250
8,36680,0.99,27539,1,9622
9,38406,1.05,28220,1.02,10336
10,37763,0.98,28518,1.01,10255
11,38512,1.02,28669,1.01,9983
12,40525,1.05,29069,1.01,10513
13,39050,0.96,29777,1.02,10933
14,40350,1.03,30015,1.01,10513
15,41071,1.02,30442,1.01,10944
16,40393,0.98,30223,0.99,10317
17,41031,1.02,30741,1.02,11010
18,41616,1.01,30188,0.98,10071
19,41192,0.99,31001,1.03,11382
20,41687,1.01,30789,0.99,10499
21,41380,0.99,31308,1.02,11227
22,40597,0.98,30662,0.98,10025
23,40838,1.01,30123,0.98,9998
24,42556,1.04,32263,1.07,12792
25,41639,0.98,31426,0.97,10285
26,40104,0.96,29920,0.95,9284
27,39971,1,29859,1,10372
28,38939,0.97,29339,0.98,9992
29,39523,1.01,29360,1,10280
30,41055,1.04,30182,1.03,11081
31,40197,0.98,30290,1,10784
2,36211,0,21201,0.71,0
3,33755,0.93,25277,1.19,13134
4,34115,1.01,25665,1.02,9147
5,35097,1.03,26009,1.01,9243
6,35791,1.02,26548,1.02,9637
7,37370,1.04,27559,1.04,10493
8,36715,0.98,27999,1.02,9979
9,36705,1,27635,0.99,9291
10,38589,1.05,28482,1.03,10348
11,38616,1,28672,1.01,10313
12,38351,0.99,28484,0.99,9677
13,37482,0.98,28416,1,9896
14,38278,1.02,28639,1.01,10016
15,37655,0.98,28776,1,10032
16,37307,0.99,28078,0.98,9137
17,38622,1.04,28282,1.01,10096
18,38279,0.99,28639,1.01,10232
19,39091,1.02,28967,1.01,10338
20,40199,1.03,29950,1.03,11062
21,40212,1,30170,1.01,10639
22,42234,1.05,31078,1.03,11368
23,40500,0.96,30794,0.99,10520
24,39864,0.98,29883,0.97,9640
25,39838,1,29801,1,10352
26,39763,1,29659,1,10175
27,42028,1.06,30786,1.04,11594
28,41026,0.98,30528,0.99,10554
29,40444,0.99,30541,1,10470
30,42155,1.04,31019,1.02,11038
31,41952,1,31243,1.01,11118
2,36224,0,21783,0.7,0
3,34280,0.95,26155,1.2,13331
4,34374,1,26076,1,9063
5,33812,0.98,25643,0.98,8490
6,35824,1.06,26411,1.03,9566
7,35083,0.98,26427,1,9232
8,35266,1.01,26752,1.01,9565
9,35437,1,26589,0.99,9001
10,34835,0.98,26509,1,9205
11,34779,1,26086,0.98,8621
12,35271,1.01,26446,1.01,9497
13,36716,1.04,27744,1.05,10599
14,38410,1.05,28113,1.01,10167
15,39483,1.03,29236,1.04,11108
16,40144,1.02,29556,1.01,10631
17,41136,1.02,30275,1.02,11207
18,40483,0.98,30320,1,10784
19,41082,1.01,30177,1,10282
20,42598,1.04,30996,1.03,11402
21,43086,1.01,32062,1.03,12117
22,42591,0.99,31901,0.99,10893
23,42410,1,31679,0.99,10773
24,40750,0.96,30670,0.97,9853
25,40488,0.99,30288,0.99,10235
26,39247,0.97,29777,0.98,10044
27,41717,1.06,30766,1.03,11430
28,42076,1.01,31202,1.01,11126
29,42718,1.02,31707,1.02,11326
30,42991,1.01,32026,1.01,11324
31,41553,0.97,31541,0.98,10459
2,36400,0,21113,0.7,0
3,34786,0.96,26444,1.25,14443
4,35943,1.03,26992,1.02,9681
5,36115,1,26792,0.99,9234
6,35869,0.99,26749,1,9303
7,35569,0.99,26595,0.99,9063
8,36288,1.02,26925,1.01,9619
9,38158,1.05,28106,1.04,10762
10,37808,0.99,28519,1.01,10241
11,39171,1.04,28733,1.01,10097
12,39851,1.02,29547,1.03,10958
13,40825,1.02,30349,1.03,10987
14,40936,1,30260,1,10674
15,39277,0.96,30117,1,10503
16,40161,1.02,29746,0.99,9892
17,42477,1.06,31128,1.05,11748
18,42900,1.01,31764,1.02,11574
19,42799,1,31839,1,11241
20,42094,0.98,31730,1,10868
21,41683,0.99,31397,0.99,10543
22,42636,1.02,31331,1,10786
23,45247,1.06,33283,1.06,13285
24,42705,0.94,31943,0.96,10292
25,42466,0.99,31776,0.99,10849
26,42404,1,31530,0.99,10793
27,41688,0.98,30992,0.98,10353
28,43175,1.04,31952,1.03,11810
29,41913,0.97,31708,0.99,10906
30,42669,1.02,31707,1,10786
31,42863,1,31873,1.01,11280
2,35052,0,21313,0.71,0
3,33497,0.96,25461,1.19,12875
4,32238,0.96,24482,0.96,7867
5,31994,0.99,24079,0.98,8059
6,32742,1.02,24387,1.01,8772
7,32560,0.99,24383,1,8523
8,31807,0.98,24239,0.99,8438
9,33819,1.06,25034,1.03,9331
10,34414,1.02,25340,1.01,9151
11,35206,1.02,26097,1.03,9710
12,37212,1.06,27285,1.05,10411
13,37149,1,27793,1.02,10334
14,37225,1,27960,1.01,9946
15,38372,1.03,28547,1.02,10349
16,40521,1.06,29420,1.03,10891
17,40785,1.01,30326,1.03,11407
18,40970,1,30477,1,10680
19,42109,1.03,31355,1.03,11713
20,43665,1.04,31837,1.02,11401
21,43066,0.99,32041,1.01,11410
22,44934,1.04,32632,1.02,11723
23,44324,0.99,32968,1.01,11844
24,43851,0.99,32574,0.99,11047
25,45876,1.05,33881,1.04,12736
26,46212,1.01,34138,1.01,12045
27,45654,0.99,34290,1,12146
28,46473,1.02,34127,1,11624
29,45766,0.98,34505,1.01,12252
30,46222,1.01,34475,1,11783
31,46052,1,33932,0.98,11395
2,36324,0,21033,0.71,0
3,35429,0.98,26413,1.26,14550
4,36088,1.02,26876,1.02,9543
5,36542,1.01,27097,1.01,9767
6,36815,1.01,27417,1.01,9764
7,37698,1.02,28021,1.02,10194
8,37857,1,28262,1.01,10063
9,37698,1,28365,1,9897
10,37835,1,28230,1,9676
11,37869,1,28198,1,9921
12,39806,1.05,28996,1.03,10654
13,41020,1.03,30568,1.05,11882
14,40679,0.99,30834,1.01,10857
15,42211,1.04,31429,1.02,11205
16,43852,1.04,32002,1.02,11445
17,42578,0.97,31851,1,10986
18,44129,1.04,32400,1.02,11535
19,43140,0.98,32534,1,11410
20,44357,1.03,32657,1,11497
21,45787,1.03,33707,1.03,12642
22,45573,1,33705,1,11782
23,45523,1,33888,1.01,11784
24,46207,1.02,33843,1,11794
25,44316,0.96,33618,0.99,11733
26,45459,1.03,33851,1.01,11805
27,44927,0.99,34097,1.01,11950
28,45869,1.02,34132,1,11755
29,44181,0.96,33326,0.98,11115
30,43940,0.99,32606,0.98,10836
31,44157,1,32676,1,11521
2,37503,0,21351,0.7,0
3,34602,0.92,26550,1.24,14536
4,34766,1,26357,0.99,8847
5,35196,1.01,26340,1,9123
6,36071,1.02,27045,1.03,9862
7,36751,1.02,27630,1.02,10069
8,36703,1,27712,1,9612
9,37917,1.03,27657,1,9700
10,37662,0.99,27972,1.01,10152
11,38270,1.02,28643,1.02,10557
12,37704,0.99,28405,0.99,9642
13,38857,1.03,28337,1,9668
14,40564,1.04,30131,1.06,12019
15,38829,0.96,29475,0.98,9904
16,39726,1.02,29317,0.99,10008
17,38393,0.97,28971,0.99,9799
18,38861,1.01,28934,1,9802
19,38565,0.99,29284,1.01,10495
20,41140,1.07,30015,1.02,10813
21,41127,1,30705,1.02,11236
22,40025,0.97,29658,0.97,9601
23,40405,1.01,29947,1.01,10553
24,41836,1.04,31098,1.04,11631
25,42073,1.01,30982,1,10680
26,42836,1.02,31194,1.01,11107
27,42078,0.98,31649,1.01,11477
28,41105,0.98,30457,0.96,9696
29,43173,1.05,31548,1.04,11850
30,40758,0.94,31065,0.98,10587
31,41742,1.02,30654,0.99,10086
2,38344,0,21440,0.7,0
3,35630,0.93,27098,1.26,15182
4,37232,1.04,27809,1.03,9922
5,36934,0.99,28076,1.01,9939
6,37042,1,27847,0.99,9384
7,37158,1,28164,1.01,9960
8,37561,1.01,28223,1,9894
9,38602,1.03,28418,1.01,10003
10,38602,1,28289,1,9816
11,38951,1.01,29436,1.04,11342
12,40740,1.05,30184,1.03,10824
13,40772,1,29983,0.99,10330
14,40968,1,30549,1.02,10947
15,41991,1.02,31217,1.02,11376
16,43170,1.03,31747,1.02,11551
17,43887,1.02,32742,1.03,12329
18,44628,1.02,32704,1,11356
19,45767,1.03,33289,1.02,12043
20,45222,0.99,33850,1.02,12520
21,46314,1.02,33981,1,11794
22,45362,0.98,34280,1.01,12220
23,45976,1.01,34123,1,11606
24,46425,1.01,34591,1.01,12314
25,46932,1.01,34730,1,12226
26,46214,0.98,34266,0.99,11629
27,46408,1,34219,1,11882
28,45534,0.98,34526,1.01,12152
29,44130,0.97,33274,0.96,10537
30,43708,0.99,32626,0.98,10657
31,43159,0.99,32310,0.99,11072
2,37906,0,21602,0.71,0
3,34433,0.91,26654,1.23,14496
4,34072,0.99,25434,0.95,7794
5,34617,1.02,25907,1.02,9374
6,35120,1.01,26571,1.03,9675
7,36195,1.03,26775,1.01,9394
8,36905,1.02,27416,1.02,10309
9,38003,1.03,28323,1.03,10520
10,37656,0.99,28503,1.01,10183
11,37939,1.01,28318,0.99,9640
12,37365,0.98,28277,1,9845
13,37952,1.02,28297,1,9720
14,40311,1.06,29525,1.04,11167
15,40685,1.01,30497,1.03,11215
16,42984,1.06,31373,1.03,11414
17,41362,0.96,31688,1.01,11493
18,42642,1.03,31363,0.99,10531
19,42162,0.99,31460,1,11050
20,42695,1.01,31726,1.01,11043
21,44740,1.05,32972,1.04,12494
22,43293,0.97,32419,0.98,10913
23,43217,1,32051,0.99,10791
24,43358,1,31952,1,11107
25,43545,1,31974,1,11111
26,44258,1.02,32953,1.03,12364
27,42396,0.96,32211,0.98,10497
28,42367,1,31913,0.99,10756
29,42774,1.01,31633,0.99,10656
30,43326,1.01,31976,1.01,11340
31,44176,1.02,32586,1.02,11833
2,37745,0,21056,0.7,0
3,35922,0.95,26914,1.28,15191
4,35109,0.98,26716,0.99,9144
5,36270,1.03,27126,1.02,9622
6,35726,0.99,26978,0.99,9217
7,36160,1.01,27085,1,9495
8,36485,1.01,26958,1,9170
9,37237,1.02,27756,1.03,10266
10,37484,1.01,28462,1.03,10343
11,39428,1.05,29033,1.02,10418
12,38556,0.98,29128,1,10244
13,38955,1.01,29150,1,10120
14,39130,1,29024,1,10010
15,38999,1,29234,1.01,10287
16,39566,1.01,29347,1,10368
17,39868,1.01,29801,1.02,10722
18,40337,1.01,29734,1,10324
19,41927,1.04,30431,1.02,11380
20,40782,0.97,30734,1.01,10986
21,41962,1.03,30943,1.01,10927
22,42701,1.02,31718,1.03,11613
23,42136,0.99,31521,0.99,10804
24,41068,0.97,30726,0.97,10216
25,41368,1.01,30762,1,10795
26,42647,1.03,31641,1.03,11558
27,42650,1,31961,1.01,11352
28,42950,1.01,31723,0.99,10806
29,42236,0.98,31920,1.01,11159
30,42261,1,31366,0.98,10564
31,41329,0.98,31074,0.99,10539
2,36899,0,21322,0.7,0
3,33716,0.91,25894,1.21,13607
4,35577,1.06,26153,1.01,9195
5,35721,1,26729,1.02,9755
6,36307,1.02,26967,1.01,9745
7,35634,0.98,27289,1.01,9549
8,36328,1.02,27447,1.01,9578
9,37143,1.02,27306,0.99,9321
10,38164,1.03,28333,1.04,10738
11,39032,1.02,29159,1.03,10710
12,39904,1.02,29228,1,10259
13,38566,0.97,29099,1,10242
14,40061,1.04,29812,1.02,10826
15,40970,1.02,30324,1.02,11076
16,40030,0.98,30015,0.99,10191
17,40532,1.01,30612,1.02,10972
18,39560,0.98,30148,0.98,10012
19,39761,1.01,29431,0.98,9723
20,40225,1.01,30151,1.02,11080
21,40222,1,30339,1.01,10592
22,42411,1.05,31712,1.05,11919
23,42569,1,31542,0.99,10859
24,41857,0.98,30940,0.98,10430
25,42169,1.01,30869,1,10808
26,43716,1.04,32505,1.05,12489
27,45182,1.03,33326,1.03,12189
28,45637,1.01,33381,1,11580
29,45472,1,34081,1.02,12384
30,44756,0.98,33592,0.99,11238
31,45339,1.01,33555,1,11583
2,38144,0,21575,0.7,0
3,36075,0.95,27493,1.27,15377
4,37598,1.04,27584,1,9572
5,35758,0.95,27459,1,9552
6,36887,1.03,27694,1.01,9698
7,35879,0.97,27478,0.99,9310
8,36742,1.02,27632,1.01,9639
9,38306,1.04,27791,1.01,9720
10,37351,0.98,27804,1,10055
11,39604,1.06,29321,1.05,11345
12,39506,1,29341,1,10113
13,38945,0.99,29170,0.99,10024
14,38267,0.98,28665,0.98,9560
15,38192,1,28689,1,9969
16,38147,1,29079,1.01,10388
17,39060,1.02,29112,1,10044
18,38378,0.98,29529,1.01,10446
19,39245,1.02,29443,1,9963
20,40499,1.03,29770,1.01,10530
21,40736,1.01,30333,1.02,10958
22,41370,1.02,30847,1.02,11099
23,40825,0.99,30530,0.99,10392
24,40920,1,30426,1,10571
25,41420,1.01,30391,1,10503
26,41050,0.99,30652,1.01,10820
27,42107,1.03,31566,1.03,11763
28,41743,0.99,31423,1,10828
29,42257,1.01,31558,1,10855
30,41594,0.98,31042,0.98,10420
31,42168,1.01,31483,1.01,11243
2,38483,0,21505,0.7,0
3,36264,0.94,27047,1.26,14978
4,36771,1.01,27358,1.01,9857
5,36342,0.99,27542,1.01,9752
6,38714,1.07,27918,1.01,10165
7,39370,1.02,29450,1.05,11622
8,38591,0.98,28976,0.98,9549
9,38552,1,29005,1,10077
10,37676,0.98,28610,0.99,9672
11,37942,1.01,28707,1,9770
12,38767,1.02,28965,1.01,10110
13,38142,0.98,28782,0.99,9913
14,38690,1.01,28875,1,10129
15,38703,1,29098,1.01,10211
16,40086,1.04,30080,1.03,11226
17,39094,0.98,29342,0.98,9583
18,40539,1.04,30120,1.03,11187
19,39836,0.98,29759,0.99,10151
20,40581,1.02,30385,1.02,10892
21,39876,0.98,29981,0.99,10186
22,41225,1.03,30582,1.02,11010
23,40702,0.99,30270,0.99,10410
24,41428,1.02,30692,1.01,10925
25,41495,1,30871,1.01,10871
26,42262,1.02,31380,1.02,11282
27,42499,1.01,31677,1.01,11096
28,41949,0.99,31301,0.99,10630
29,44062,1.05,32346,1.03,11965
30,44637,1.01,33077,1.02,12142
31,44529,1,33214,1,11674
2,36869,0,21030,0.7,0
3,33958,0.92,25882,1.23,13974
4,33738,0.99,25427,0.98,8347
5,33623,1,25164,0.99,8518
6,36325,1.08,26661,1.06,10464
7,36247,1,27075,1.02,9997
8,36961,1.02,27527,1.02,9853
9,37536,1.02,28140,1.02,10237
10,38015,1.01,28254,1,9786
11,39317,1.03,29163,1.03,10868
12,40205,1.02,30114,1.03,11148
13,41429,1.03,30264,1,10570
14,40490,0.98,30287,1,10550
15,40089,0.99,30158,1,10423
16,40962,1.02,30515,1.01,10647
17,41202,1.01,30782,1.01,11079
18,41607,1.01,31333,1.02,11456
19,40526,0.97,30185,0.96,9464
20,41438,1.02,30954,1.03,11331
21,42345,1.02,31375,1.01,11016
22,42773,1.01,31725,1.01,11322
23,42606,1,32096,1.01,11386
24,41500,0.97,31320,0.98,10295
25,41694,1,31441,1,10979
26,40990,0.98,30537,0.97,9865
27,41598,1.01,30846,1.01,10699
28,40996,0.99,30666,0.99,10664
29,41960,1.02,31072,1.01,11151
30,40262,0.96,30617,0.99,10353
31,40150,1,30168,0.99,10154
2,36757,0,21309,0.7,0
3,33602,0.91,26134,1.23,13874
4,34705,1.03,25630,0.98,8395
5,36133,1.04,26942,1.05,10376
6,35291,0.98,26865,1,9372
7,35848,1.02,26564,0.99,9037
8,35885,1,26969,1.02,9661
9,37709,1.05,27503,1.02,10053
10,36736,0.97,27684,1.01,9933
11,37568,1.02,28087,1.01,9901
12,37280,0.99,27972,1,9657
13,37911,1.02,28208,1.01,9900
14,37600,0.99,28264,1,9724
15,39353,1.05,28891,1.02,10480
16,40192,1.02,29664,1.03,10944
17,40476,1.01,29988,1.01,10850
18,40771,1.01,30437,1.01,10875
19,41282,1.01,30953,1.02,11153
20,40549,0.98,30684,0.99,10471
21,39705,0.98,30130,0.98,10102
22,41411,1.04,30239,1,10444
23,40982,0.99,30891,1.02,11353
24,42534,1.04,31447,1.02,11124
25,42841,1.01,32241,1.03,11803
26,44916,1.05,32971,1.02,12030
27,44914,1,33944,1.03,12506
28,43832,0.98,32971,0.97,10476
29,43360,0.99,31964,0.97,10352
30,43799,1.01,32781,1.03,11940
31,44011,1,32471,0.99,10895
2,35994,0,21433,0.71,0
3,32640,0.91,25092,1.17,12688
4,33318,1.02,24720,0.99,8274
5,33561,1.01,25011,1.01,9015
6,34065,1.02,25564,1.02,9404
7,34108,1,25719,1.01,8964
8,34192,1,25654,1,8864
9,34519,1.01,25682,1,8872
10,35047,1.02,26480,1.03,9721
11,36848,1.05,27175,1.03,10063
12,36214,0.98,27435,1.01,9820
13,36458,1.01,27477,1,9453
14,37321,1.02,27869,1.01,9957
15,38114,1.02,28199,1.01,10124
16,38167,1,28743,1.02,10517
17,38854,1.02,29027,1.01,10105
18,41132,1.06,30437,1.05,11531
19,41429,1.01,31101,1.02,11258
20,41685,1.01,31103,1,10853
21,41356,0.99,31067,1,10603
22,40528,0.98,30593,0.98,10283
23,41114,1.01,30275,0.99,10414
24,40933,1,30706,1.01,11191
25,42160,1.03,31212,1.02,11069
26,40610,0.96,30912,0.99,10662
27,41703,1.03,31480,1.02,11168
28,40354,0.97,30845,0.98,10121
29,40807,1.01,30342,0.98,9983
30,41477,1.02,30731,1.01,10854
31,43273,1.04,31127,1.01,11241
2,36601,0,21449,0.7,0
3,33784,0.92,26024,1.21,13651
4,33293,0.99,25368,0.97,8229
5,33393,1,24963,0.98,8297
6,33187,0.99,25003,1,8792
7,34246,1.03,25639,1.03,9300
8,35006,1.02,26411,1.03,9821
9,35290,1.01,26330,1,8985
10,37036,1.05,27465,1.04,10443
11,38971,1.05,28664,1.04,10900
12,38243,0.98,28737,1,10059
13,39388,1.03,29241,1.02,10525
14,39914,1.01,29660,1.01,10622
15,40215,1.01,30294,1.02,11130
16,40474,1.01,30152,1,10340
17,41329,1.02,30471,1.01,10742
18,41879,1.01,30927,1.01,11185
19,43740,1.04,32559,1.05,12314
20,44529,1.02,33113,1.02,12005
21,46031,1.03,34375,1.04,12835
22,45733,0.99,34122,0.99,11619
23,46409,1.01,34187,1,11984
24,46781,1.01,34650,1.01,12423
25,45871,0.98,34527,1,11889
26,45813,1,34557,1,11906
27,46832,1.02,34807,1.01,11994
28,44769,0.96,34366,0.99,11686
29,45281,1.01,33642,0.98,10986
30,44836,0.99,33608,1,11624
31,46366,1.03,34304,1.02,12375
2,36456,0,21644,0.71,0
3,34194,0.94,26137,1.21,13551
4,34664,1.01,25923,0.99,8871
5,35136,1.01,26550,1.02,9617
6,35164,1,25930,0.98,8648
7,35438,1.01,26447,1.02,9627
8,35698,1.01,26814,1.01,9671
9,36646,1.03,27312,1.02,9874
10,38084,1.04,28055,1.03,10342
11,38797,1.02,28909,1.03,10771
12,40333,1.04,30001,1.04,11175
13,41518,1.03,30566,1.02,11023
14,41497,1,30947,1.01,11190
15,42651,1.03,31818,1.03,11655
16,43645,1.02,32253,1.01,11487
17,43449,1,32169,1,11343
18,41999,0.97,31921,0.99,10810
19,41383,0.99,30919,0.97,9989
20,41973,1.01,31234,1.01,11034
21,42066,1,31491,1.01,11088
22,42465,1.01,31294,0.99,10760
23,40916,0.96,31171,1,10867
24,41312,1.01,30516,0.98,9954
25,41542,1.01,31014,1.02,11360
26,41869,1.01,31500,1.02,11123
27,42368,1.01,31237,0.99,10673
28,41139,0.97,30944,0.99,10488
29,40324,0.98,30576,0.99,10285
30,41106,1.02,30395,0.99,10401
31,40667,0.99,30207,0.99,10474
2,35853,0,21442,0.7,0
3,33148,0.92,25445,1.19,13033
4,33726,1.02,25501,1,8746
5,33848,1,25265,0.99,8442
6,35300,1.04,26060,1.03,9754
7,35897,1.02,27143,1.04,10151
8,38166,1.06,28079,1.03,10300
9,39483,1.03,29041,1.03,10984
10,38122,0.97,28750,0.99,9997
11,39481,1.04,29506,1.03,10844
12,38975,0.99,29526,1,10143
13,39540,1.01,29749,1.01,10304
14,40011,1.01,29777,1,10224
15,39207,0.98,29031,0.97,9632
16,39350,1,29555,1.02,10703
17,38469,0.98,29053,0.98,9738
18,39129,1.02,29005,1,10053
19,41196,1.05,30455,1.05,11668
20,41805,1.01,31062,1.02,11280
21,41879,1,31244,1.01,11078
22,40899,0.98,30728,0.98,10299
23,39848,0.97,29831,0.97,9709
24,40843,1.02,30269,1.01,11028
25,41165,1.01,30058,0.99,10355
26,40064,0.97,30608,1.02,11168
27,40528,1.01,30259,0.99,10264
28,40305,0.99,30546,1.01,10711
29,41616,1.03,30618,1,10551
30,40978,0.98,30450,0.99,10614
31,40184,0.98,30602,1,10809
2,34103,0,20922,0.7,0
3,32834,0.96,25186,1.2,12756
4,34045,1.04,25077,1,8562
5,35706,1.05,26492,1.06,10333
6,36703,1.03,27269,1.03,10001
7,36783,1,27613,1.01,9844
8,37067,1.01,27832,1.01,9699
9,36512,0.99,27663,0.99,9426
10,36377,1,27040,0.98,8794
11,37509,1.03,28231,1.04,10696
12,39002,1.04,28809,1.02,10481
13,38917,1,29100,1.01,10257
14,38491,0.99,29129,1,10121
15,38993,1.01,29007,1,9895
16,39284,1.01,29255,1.01,10387
17,41414,1.05,29806,1.02,10917
18,40699,0.98,30227,1.01,11054
19,41244,1.01,30539,1.01,10828
20,42659,1.03,31540,1.03,11796
21,41404,0.97,31050,0.98,10537
22,41490,1,30705,0.99,10403
23,41153,0.99,30772,1,10873
24,41444,1.01,30801,1,10649
25,41458,1,30811,1,10626
26,42144,1.02,31133,1.01,11121
27,41239,0.98,31075,1,10751
28,41426,1,30864,0.99,10551
29,41436,1,30909,1,10711
30,42739,1.03,31390,1.02,11217
31,42980,1.01,31724,1.01,11289
2,35977,0,21597,0.7,0
3,34417,0.96,26092,1.21,13460
4,35770,1.04,26451,1.01,9354
5,36860,1.03,27026,1.02,9839
6,37085,1.01,27705,1.03,10292
7,38156,1.03,28144,1.02,10172
8,38905,1.02,28696,1.02,10554
9,38682,0.99,28934,1.01,10384
10,37947,0.98,28630,0.99,9726
11,38237,1.01,28438,0.99,9616
12,38119,1,28511,1,9934
13,37165,0.97,28412,1,9499
14,37543,1.01,28186,0.99,9577
15,37632,1,27956,0.99,9524
16,37486,1,27914,1,9649
17,39658,1.06,28900,1.04,10812
18,39199,0.99,29285,1.01,10580
19,39033,1,29124,0.99,10009
20,38836,0.99,29328,1.01,10201
21,40132,1.03,29862,1.02,10549
22,41488,1.03,30478,1.02,10964
23,41648,1,31082,1.02,11265
24,40831,0.98,30695,0.99,10424
25,39669,0.97,30071,0.98,9990
26,38444,0.97,29114,0.97,9313
27,38454,1,28938,0.99,9895
28,40007,1.04,30334,1.05,11585
29,39637,0.99,29330,0.97,9473
30,39914,1.01,30041,1.02,11072
31,41262,1.03,30644,1.02,10952
2,36376,0,21183,0.7,0
3,33792,0.93,25508,1.2,13463
4,35384,1.05,26780,1.05,10357
5,35481,1,26775,1,9162
6,36627,1.03,26912,1.01,9553
7,38532,1.05,28177,1.05,10725
8,37195,0.97,28111,1,9974
9,36723,0.99,27426,0.98,8982
10,36550,1,27875,1.02,10021
11,36778,1.01,27703,0.99,9391
12,38074,1.04,28205,1.02,10204
13,38786,1.02,29438,1.04,11008
14,39426,1.02,29492,1,10073
15,39424,1,29339,0.99,10129
16,38680,0.98,29063,0.99,9853
17,39833,1.03,28873,0.99,9762
18,40322,1.01,30125,1.04,11522
19,39910,0.99,29834,0.99,10141
20,41123,1.03,30781,1.03,11569
21,39839,0.97,30387,0.99,10237
22,40447,1.02,29572,0.97,9747
23,41243,1.02,30727,1.04,11615
24,41461,1.01,30774,1,10527
25,41039,0.99,30883,1,10724
26,42155,1.03,31218,1.01,11038
27,43597,1.03,32616,1.04,12223
28,43029,0.99,32006,0.98,10572
29,42159,0.98,31861,1,11056
30,41730,0.99,31112,0.98,10294
31,42035,1.01,31479,1.01,11163
2,38398,0,21002,0.7,0
3,35718,0.93,27421,1.31,15982
4,34256,0.96,26177,0.95,8070
5,36403,1.06,26662,1.02,9667
6,36410,1,27220,1.02,9912
7,36023,0.99,27497,1.01,9804
8,36548,1.01,27063,0.98,8947
9,39222,1.07,28425,1.05,10908
10,37298,0.95,28765,1.01,10383
11,37519,1.01,28179,0.98,9153
12,38013,1.01,28267,1,9796
13,37646,0.99,28207,1,9806
14,37440,0.99,28096,1,9686
15,38773,1.04,28601,1.02,10518
16,38846,1,28890,1.01,10260
17,40680,1.05,29609,1.02,10870
18,41814,1.03,30981,1.05,11890
19,42708,1.02,31445,1.01,11358
20,42471,0.99,31186,0.99,10670
21,42793,1.01,31505,1.01,11247
22,42767,1,31829,1.01,11324
23,41392,0.97,31491,0.99,10721
24,41943,1.01,30996,0.98,10183
25,42685,1.02,31376,1.01,11356
26,42078,0.99,31452,1,11016
27,42705,1.01,31418,1,10928
28,43180,1.01,32027,1.02,11597
29,41689,0.97,31330,0.98,10484
30,41193,0.99,30834,0.98,10399
31,41311,1,30897,1,10756
2,38063,0,21726,0.71,0
3,35439,0.93,26902,1.24,14403
4,35423,1,26977,1,9264
5,36808,1.04,27416,1.02,9837
6,37713,1.02,27988,1.02,10056
7,37931,1.01,28267,1.01,10054
8,37694,0.99,28368,1,9986
9,37354,0.99,28335,1,9748
10,38676,1.04,28793,1.02,10223
11,40566,1.05,29975,1.04,11283
12,40771,1.01,30042,1,10587
13,41307,1.01,30971,1.03,11439
14,40871,0.99,30721,0.99,10508
15,42797,1.05,31407,1.02,11227
16,44110,1.03,32068,1.02,11851
17,44094,1,32748,1.02,12043
18,44515,1.01,33415,1.02,12078
19,43746,0.98,32610,0.98,10760
20,44667,1.02,32793,1.01,11470
21,45228,1.01,33156,1.01,11809
22,43722,0.97,32689,0.99,10992
23,44387,1.02,33181,1.02,11885
24,46023,1.04,33429,1.01,11763
25,44013,0.96,33210,0.99,11548
26,44496,1.01,33175,1,11248
27,45208,1.02,33236,1,11582
28,43555,0.96,32918,0.99,11348
29,43357,1,32395,0.98,10884
30,43865,1.01,32535,1,11511
31,43115,0.98,32510,1,11318
2,35884,0,21366,0.7,0
3,33588,0.94,25299,1.18,12961
4,34484,1.03,25520,1.01,9003
5,35831,1.04,26246,1.03,9675
6,34702,0.97,26284,1,9204
7,34771,1,26073,0.99,8743
8,34279,0.99,26223,1.01,9181
9,35601,1.04,26499,1.01,9235
10,36576,1.03,27422,1.03,10076
11,38420,1.05,28154,1.03,10229
12,40616,1.06,29765,1.06,11514
13,41519,1.02,30695,1.03,11403
14,41819,1.01,31311,1.02,11367
15,43382,1.04,31755,1.01,11321
16,42404,0.98,31811,1,11131
17,42098,0.99,31387,0.99,10476
18,43461,1.03,32398,1.03,11920
19,42481,0.98,31723,0.98,10513
20,40997,0.97,31075,0.98,10371
21,40913,1,30586,0.98,10228
22,40783,1,30707,1,10748
23,40476,0.99,30115,0.98,10127
24,41505,1.03,30972,1.03,11301
25,41409,1,30584,0.99,10435
26,40107,0.97,30151,0.99,10151
27,40798,1.02,30532,1.01,11178
28,40083,0.98,29557,0.97,9467
29,41595,1.04,30716,1.04,11856
30,40949,0.98,30262,0.99,10101
31,41414,1.01,30786,1.02,10998
2,35178,0,21043,0.7,0
3,34340,0.98,25638,1.22,13367
4,34610,1.01,26143,1.02,9468
5,34525,1,26180,1,8973
6,34168,0.99,25722,0.98,8509
7,34546,1.01,25829,1,9221
8,36753,1.06,27048,1.05,10172
9,36585,1,27459,1.02,10050
10,38217,1.04,27966,1.02,10162
11,37460,0.98,27976,1,9669
12,38037,1.02,28405,1.02,10387
13,38669,1.02,28770,1.01,10271
14,39113,1.01,29157,1.01,10522
15,39432,1.01,29666,1.02,10546
16,39824,1.01,29593,1,10232
17,38754,0.97,29384,0.99,9955
18,39454,1.02,29558,1.01,10306
19,38768,0.98,29156,0.99,9782
20,39329,1.01,29402,1.01,10348
21,39874,1.01,29794,1.01,10664
22,39117,0.98,28991,0.97,9636
23,39509,1.01,29669,1.02,10622
24,41032,1.04,30144,1.02,10885
25,40198,0.98,29817,0.99,10142
26,39311,0.98,29769,1,10292
27,39706,1.01,29642,1,10030
28,39735,1,29697,1,10462
29,39649,1,29689,1,10319
30,38456,0.97,29189,0.98,9712
31,39159,1.02,29002,0.99,9909
2,37796,0,21374,0.71,0
3,35849,0.95,27357,1.28,15347
4,35672,1,26955,0.99,9020
5,36291,1.02,27114,1.01,9534
6,37245,1.03,27951,1.03,10211
7,37996,1.02,28465,1.02,10257
8,38225,1.01,28741,1.01,9960
9,38237,1,28634,1,9843
10,39916,1.04,29335,1.02,10764
11,40595,1.02,30205,1.03,11407
12,39259,0.97,29655,0.98,9780
13,37904,0.97,28729,0.97,9153
14,39121,1.03,28708,1,9867
15,40425,1.03,29909,1.04,11300
16,40727,1.01,30303,1.01,10938
17,40434,0.99,30024,0.99,10073
18,41380,1.02,30769,1.02,11107
19,41285,1,31318,1.02,11380
20,42573,1.03,32258,1.03,11593
21,42233,0.99,32077,0.99,10879
22,42970,1.02,31964,1,10783
23,43244,1.01,32242,1.01,11443
24,43273,1,32055,0.99,10973
25,43346,1,32203,1,11380
26,42925,0.99,31783,0.99,10700
27,40818,0.95,30989,0.98,10286
28,39561,0.97,30021,0.97,9745
29,38616,0.98,29071,0.97,9312
30,38359,0.99,28552,0.98,9508
31,38688,1.01,29012,1.02,10534
2,38140,0,21273,0.7,0
3,33444,0.88,25879,1.22,13955
4,33410,1,25402,0.98,8257
5,34245,1.02,25986,1.02,9428
6,35668,1.04,26708,1.03,9678
7,36974,1.04,27455,1.03,10062
8,37463,1.01,27769,1.01,10050
9,38310,1.02,28642,1.03,10588
10,38955,1.02,28811,1.01,10014
11,40269,1.03,29896,1.04,11258
12,39699,0.99,29673,0.99,10231
13,39981,1.01,29656,1,10243
14,40007,1,29957,1.01,10838
15,40856,1.02,30504,1.02,10875
16,41908,1.03,30976,1.02,11220
17,41583,0.99,31268,1.01,10994
18,42033,1.01,31323,1,10999
19,40834,0.97,30390,0.97,9930
20,40685,1,30397,1,10469
21,41039,1.01,30481,1,10793
22,42907,1.05,31192,1.02,11541
23,43235,1.01,32026,1.03,11903
24,43164,1,32224,1.01,11520
25,42393,0.98,31729,0.98,10732
26,41186,0.97,31370,0.99,10463
27,41928,1.02,31029,0.99,10367
28,42041,1,31600,1.02,11398
29,40408,0.96,30266,0.96,9543
30,39071,0.97,29938,0.99,10199
31,39684,1.02,29471,0.98,9902
2,37758,0,21816,0.7,0
3,34957,0.93,26660,1.22,14150
4,36437,1.04,27012,1.01,9544
5,36932,1.01,27588,1.02,10086
6,36515,0.99,27490,1,9571
7,37640,1.03,27736,1.01,9801
8,37345,0.99,27884,1.01,10046
9,37887,1.01,28108,1.01,9831
10,39235,1.04,29032,1.03,10746
11,38745,0.99,28977,1,10130
12,39714,1.03,29435,1.02,10434
13,41962,1.06,30803,1.05,11808
14,41759,1,31493,1.02,11570
15,41806,1,31242,0.99,10627
16,42285,1.01,30756,0.98,10515
17,43021,1.02,31995,1.04,11998
18,42064,0.98,31799,0.99,11299
19,42898,1.02,31525,0.99,10742
20,41530,0.97,31246,0.99,10664
21,42101,1.01,30758,0.98,10131
22,41950,1,31011,1.01,11065
23,44226,1.05,32710,1.05,12592
24,45615,1.03,33237,1.02,11920
25,43463,0.95,32647,0.98,11284
26,43686,1.01,32709,1,11333
27,43246,0.99,32301,0.99,10816
28,43597,1.01,32294,1,11130
29,43913,1.01,32722,1.01,11617
30,43995,1,33173,1.01,11740
31,44145,1,32385,0.98,10499
2,37227,0,20938,0.7,0
3,34520,0.93,26128,1.25,14413
4,34513,1,26116,1,9028
5,35437,1.03,26784,1.03,9731
6,36526,1.03,27475,1.03,9833
7,37010,1.01,27406,1,9500
8,38723,1.05,28313,1.03,10469
9,38524,0.99,29079,1.03,10763
10,37741,0.98,28263,0.97,9223
11,39209,1.04,28991,1.03,10437
12,40234,1.03,29805,1.03,11015
13,40834,1.01,30327,1.02,11100
14,40451,0.99,30094,0.99,10249
15,41600,1.03,31053,1.03,11498
16,40549,0.97,30403,0.98,9987
17,40778,1.01,30796,1.01,11013
18,39872,0.98,30012,0.97,9687
19,40738,1.02,29979,1,10293
20,39895,0.98,29589,0.99,10267
21,39826,1,29731,1,10540
22,38704,0.97,29151,0.98,9772
23,40269,1.04,29528,1.01,10387
24,40078,1,30098,1.02,10976
25,39990,1,30087,1,10298
26,39385,0.98,29381,0.98,9817
27,39149,0.99,29206,0.99,9882
28,41013,1.05,30449,1.04,11561
29,40372,0.98,29767,0.98,9950
30,40503,1,30238,1.02,10817
31,40978,1.01,30389,1,10742
2,35619,0,21227,0.71,0
3,32718,0.92,25297,1.19,12859
4,34304,1.05,25341,1,8757
5,34739,1.01,25602,1.01,9079
6,33871,0.98,25681,1,9124
7,33459,0.99,25540,0.99,8695
8,34815,1.04,26269,1.03,9440
9,36547,1.05,27397,1.04,10278
10,36496,1,27272,1,9450
11,38742,1.06,28060,1.03,10362
12,39537,1.02,29211,1.04,11172
13,40385,1.02,30281,1.04,11376
14,39696,0.98,29893,0.99,10069
15,41500,1.05,30500,1.02,11168
16,41422,1,31329,1.03,11534
17,41022,0.99,30520,0.97,9828
18,40664,0.99,30585,1,10829
19,40782,1,30456,1,10446
20,40065,0.98,30223,0.99,10288
21,39712,0.99,29830,0.99,10283
22,39003,0.98,29265,0.98,9555
23,39573,1.01,29693,1.01,10646
24,40444,1.02,30141,1.02,10871
25,41730,1.03,30670,1.02,11072
26,41346,0.99,30691,1,10737
27,41629,1.01,31027,1.01,10970
28,42361,1.02,31407,1.01,11161
29,40659,0.96,30618,0.97,10038
30,39815,0.98,30225,0.99,10178
31,39383,0.99,29748,0.98,9885
2,36295,0,21160,0.7,0
3,35262,0.97,26298,1.24,14241
4,36093,1.02,26721,1.02,9824
5,36499,1.01,27117,1.01,9639
6,36120,0.99,27454,1.01,9652
7,37083,1.03,27387,1,9522
8,37720,1.02,28120,1.03,10271
9,37960,1.01,28361,1.01,10115
10,38095,1,28647,1.01,10266
11,39439,1.04,29427,1.03,10746
12,41452,1.05,30423,1.03,11306
13,40767,0.98,30531,1,10611
14,40824,1,29909,0.98,10092
15,39222,0.96,29840,1,10449
16,39442,1.01,29471,0.99,9967
17,38998,0.99,29259,0.99,10089
18,38839,1,28900,0.99,9693
19,40216,1.04,29869,1.03,11189
20,39845,0.99,29499,0.99,9995
21,40696,1.02,30301,1.03,11150
22,41042,1.01,30264,1,10378
23,40877,1,31000,1.02,11295
24,40788,1,30585,0.99,10320
25,40496,0.99,30631,1,10643
26,40417,1,30151,0.98,9934
27,39949,0.99,29776,0.99,10165
28,40358,1.01,29949,1.01,10516
29,39630,0.98,30204,1.01,10663
30,41655,1.05,30582,1.01,10670
31,41921,1.01,31160,1.02,11181
2,36535,0,21454,0.7,0
3,34813,0.95,26226,1.22,13919
4,33811,0.97,25595,0.98,8442
5,34979,1.03,25915,1.01,9247
6,36167,1.03,27054,1.04,10246
7,37946,1.05,28148,1.04,10628
8,38406,1.01,28262,1,9889
9,38331,1,28927,1.02,10767
10,38414,1,29022,1,10045
11,37762,0.98,28866,0.99,9903
12,36903,0.98,27830,0.96,8770
13,38882,1.05,28409,1.02,10254
14,39592,1.02,29545,1.04,11159
15,40451,1.02,30068,1.02,11018
16,40046,0.99,30180,1,10513
17,39607,0.99,29505,0.98,9830
18,40967,1.03,29866,1.01,10692
19,41657,1.02,30704,1.03,11552
20,42956,1.03,31252,1.02,11346
21,42228,0.98,31512,1.01,11325
22,43163,1.02,32145,1.02,11484
23,42466,0.98,31537,0.98,10487
24,41403,0.97,31201,0.99,10479
25,42350,1.02,31299,1,10821
26,42999,1.02,31598,1.01,11195
27,42927,1,32127,1.02,11543
28,41996,0.98,31759,0.99,10736
29,41873,1,31731,1,10955
30,41524,0.99,31184,0.98,10180
31,41209,0.99,31126,1,10611
2,36247,0,21359,0.7,0
3,33418,0.92,25655,1.2,13299
4,33583,1,25325,0.99,8252
5,33826,1.01,25213,1,8733
6,35037,1.04,25933,1.03,9580
7,35220,1.01,26420,1.02,9597
8,34853,0.99,26433,1,9271
9,36516,1.05,26962,1.02,9641
10,37154,1.02,27557,1.02,9912
11,38926,1.05,29024,1.05,11022
12,39481,1.01,29584,1.02,10814
13,40224,1.02,29612,1,10065
14,39404,0.98,29442,0.99,10085
15,39644,1.01,29464,1,10193
16,41064,1.04,30281,1.03,11206
17,41305,1.01,30790,1.02,11091
18,41568,1.01,30727,1,10590
19,40520,0.97,30624,1,10651
20,40318,1,30324,0.99,10300
21,42522,1.05,31253,1.03,11354
22,43939,1.03,32305,1.03,12058
23,42372,0.96,31924,0.99,10709
24,41839,0.99,31168,0.98,10341
25,43303,1.03,32274,1.04,12003
26,42174,0.97,32086,0.99,10962
27,42937,1.02,31851,0.99,10856
28,42608,0.99,31674,0.99,10965
29,41314,0.97,31493,0.99,11037
30,42617,1.03,31514,1,10764
31,40792,0.96,31561,1,10974
2,36984,0,21169,0.7,0
3,35164,0.95,26450,1.25,14594
4,35914,1.02,26829,1.01,9488
5,37043,1.03,27452,1.02,9837
6,36480,0.98,27215,0.99,9377
7,36691,1.01,27215,1,9479
8,38296,1.04,27886,1.02,10299
9,39639,1.04,29248,1.05,11411
10,38244,0.96,28857,0.99,9831
11,39071,1.02,29102,1.01,10364
12,40176,1.03,29855,1.03,10900
13,41256,1.03,30360,1.02,11060
14,41456,1,30698,1.01,11089
15,42154,1.02,31000,1.01,10969
16,43101,1.02,32048,1.03,11948
17,42738,0.99,31940,1,10973
18,43492,1.02,31802,1,11006
19,42951,0.99,32461,1.02,11722
20,42705,0.99,32375,1,11127
21,41704,0.98,31908,0.99,10698
22,43911,1.05,31903,1,10835
23,43038,0.98,32690,1.02,12051
24,44720,1.04,32986,1.01,11490
25,44235,0.99,32624,0.99,11049
26,45889,1.04,33356,1.02,12225
27,44547,0.97,33540,1.01,11663
28,45397,1.02,33530,1,11629
29,44406,0.98,33243,0.99,11309
30,45028,1.01,33372,1,11684
31,46109,1.02,34057,1.02,12247
2,37976,0,21609,0.7,0
3,35102,0.92,26578,1.23,14392
4,34413,0.98,25980,0.98,8647
5,34341,1,25951,1,8915
6,35652,1.04,26809,1.03,9847
7,36067,1.01,27103,1.01,9599
8,36969,1.03,27050,1,9413
9,37077,1,27444,1.01,9885
10,36765,0.99,27490,1,9644
11,37802,1.03,28008,1.02,10182
12,37016,0.98,28151,1.01,9865
13,37144,1,28012,1,9614
14,37814,1.02,28315,1.01,9980
15,39912,1.06,29449,1.04,11186
16,40218,1.01,30389,1.03,11288
17,40364,1,30340,1,10395
18,39633,0.98,29908,0.99,10096
19,41689,1.05,30721,1.03,11180
20,41064,0.99,31049,1.01,11066
21,40578,0.99,30543,0.98,10140
22,41044,1.01,30954,1.01,10920
23,43530,1.06,31982,1.03,11725
24,41919,0.96,31831,1,10872
25,41094,0.98,30523,0.96,9533
26,40572,0.99,30284,0.99,10369
27,41117,1.01,30543,1.01,10833
28,40820,0.99,30569,1,10518
29,41467,1.02,30625,1,10590
30,41651,1,31271,1.02,11222
31,41331,0.99,31111,0.99,10630
2,35550,0,21319,0.7,0
3,34104,0.96,25853,1.21,13529
4,34244,1,25965,1,8981
5,34639,1.01,26159,1.01,9153
6,34836,1.01,26093,1,8973
7,35720,1.03,26775,1.03,9834
8,36652,1.03,27054,1.01,9597
9,37534,1.02,28209,1.04,10634
10,37917,1.01,28170,1,9612
11,39743,1.05,28985,1.03,10789
12,40521,1.02,30085,1.04,11267
13,41080,1.01,30102,1,10543
14,38655,0.94,29467,0.98,9703
15,38629,1,29143,0.99,9876
16,37859,0.98,28793,0.99,9781
17,37833,1,28492,0.99,9538
18,38348,1.01,28446,1,9958
19,39970,1.04,29493,1.04,10936
20,41664,1.04,30842,1.05,11731
21,43154,1.04,31744,1.03,11847
22,42081,0.98,31284,0.99,10742
23,42992,1.02,32227,1.03,11801
24,42951,1,31835,0.99,10699
25,43991,1.02,32543,1.02,11930
26,44375,1.01,32852,1.01,11735
27,45143,1.02,33388,1.02,12093
28,43578,0.97,32262,0.97,10458
29,45278,1.04,33027,1.02,12184
30,44402,0.98,32940,1,11568
31,43596,0.98,32785,1,11311
2,35972,0,21286,0.7,0
3,33463,0.93,25857,1.21,13603
4,33373,1,24975,0.97,7969
5,34573,1.04,25519,1.02,9316
6,34110,0.99,26118,1.02,9636
7,34636,1.02,25909,0.99,8680
8,37031,1.07,27145,1.05,10151
9,37998,1.03,28125,1.04,10528
10,37350,0.98,28537,1.01,10141
11,38292,1.03,28401,1,9535
12,39239,1.02,29290,1.03,10934
13,39450,1.01,29343,1,10262
14,38870,0.99,29209,1,10125
15,39033,1,29469,1.01,10302
16,40325,1.03,29766,1.01,10612
17,40590,1.01,30192,1.01,10938
18,41097,1.01,30405,1.01,10610
19,42026,1.02,31516,1.04,11710
20,41748,0.99,31050,0.99,10366
21,42652,1.02,31560,1.02,11273
22,42387,0.99,31625,1,11191
23,43011,1.01,32128,1.02,11463
24,42826,1,31948,0.99,10803
25,42394,0.99,31850,1,10885
26,42991,1.01,31728,1,10910
27,42519,0.99,31654,1,10949
28,41864,0.98,31257,0.99,10540
29,42487,1.01,31737,1.02,11254
30,42031,0.99,31833,1,11167
31,43315,1.03,31642,0.99,10731
2,36033,0,21729,0.71,0
3,33395,0.93,25866,1.19,13188
4,34788,1.04,25989,1,8924
5,35250,1.01,26721,1.03,9702
6,36626,1.04,27545,1.03,10011
7,37410,1.02,27447,1,9592
8,37112,0.99,28140,1.03,10283
9,36635,0.99,27598,0.98,9082
10,37780,1.03,28137,1.02,10221
11,38081,1.01,28532,1.01,10271
12,39339,1.03,28398,1,9774
13,39353,1,29586,1.04,11350
14,40380,1.03,29906,1.01,10447
15,40860,1.01,29796,1,10347
16,40623,0.99,30230,1.01,10962
17,41080,1.01,30338,1,10637
18,41563,1.01,31222,1.03,11477
19,40793,0.98,30625,0.98,10184
20,40734,1,30693,1,10613
21,42014,1.03,30928,1.01,10765
22,43214,1.03,32252,1.04,12176
23,43824,1.01,32765,1.02,11595
24,43742,1,32315,0.99,10837
25,42969,0.98,32543,1.01,11666
26,42537,0.99,31857,0.98,10556
27,41909,0.99,31198,0.98,10259
28,42753,1.02,31036,0.99,10735
29,42556,1,31768,1.02,11662
30,43170,1.01,31788,1,11085
31,43837,1.02,32866,1.03,12271
2,36209,0,21524,0.7,0
3,32423,0.9,25074,1.16,12564
4,33290,1.03,25081,1,8558
5,33460,1.01,25356,1.01,8877
6,34601,1.03,25624,1.01,9037
7,34573,1,26081,1.02,9600
8,36339,1.05,27098,1.04,10093
9,37126,1.02,27595,1.02,9922
10,36576,0.99,27222,0.99,9388
11,39070,1.07,28216,1.04,10497
12,39114,1,29009,1.03,10819
13,40467,1.03,29588,1.02,10872
14,41637,1.03,30916,1.04,11691
15,40784,0.98,30463,0.99,10262
16,41827,1.03,30857,1.01,11231
17,40839,0.98,30735,1,10666
18,39348,0.96,30152,0.98,9996
19,39036,0.99,29250,0.97,8980
20,40551,1.04,29760,1.02,10776
21,41469,1.02,30402,1.02,11208
22,39490,0.95,30121,0.99,10493
23,38988,0.99,28851,0.96,9164
24,38786,0.99,29074,1.01,10229
25,38208,0.99,28797,0.99,9907
26,40189,1.05,29395,1.02,10507
27,40167,1,30353,1.03,11361
28,39915,0.99,30197,0.99,10247
29,40542,1.02,30371,1.01,10501
30,41425,1.02,30465,1,10642
31,41311,1,30655,1.01,10930
2,35289,0,21219,0.71,0
3,33281,0.94,25207,1.19,12989
4,32458,0.98,24632,0.98,8265
5,33259,1.02,25146,1.02,8939
6,33535,1.01,25267,1,8809
7,36110,1.08,26808,1.06,10502
8,36254,1,27478,1.02,9739
9,38587,1.06,28541,1.04,10484
10,39020,1.01,29367,1.03,10806
11,41131,1.05,30056,1.02,10913
12,41498,1.01,30920,1.03,11426
13,41439,1,30915,1,10731
14,41995,1.01,31217,1.01,10997
15,40770,0.97,30933,0.99,10559
16,40775,1,30213,0.98,9809
17,42086,1.03,30900,1.02,11244
18,42866,1.02,31740,1.03,11641
19,42409,0.99,31850,1,11090
20,41630,0.98,31398,0.99,10555
21,42256,1.02,31277,1,10897
22,40601,0.96,30538,0.98,10143
23,41801,1.03,31033,1.02,10960
24,42872,1.03,31665,1.02,11519
25,42651,0.99,32007,1.01,11242
26,42318,0.99,32018,1,10947
27,42927,1.01,31818,0.99,10731
28,42776,1,31939,1,11136
29,43872,1.03,32472,1.02,11599
30,44724,1.02,33302,1.03,12402
31,46075,1.03,34187,1.03,12393
2,36582,0,21780,0.7,0
3,33872,0.93,26147,1.2,13451
4,35587,1.05,26052,1,8926
5,35036,0.98,26385,1.01,9662
6,35862,1.02,26696,1.01,9476
7,36123,1.01,27301,1.02,9856
8,35769,0.99,27459,1.01,9577
9,38484,1.08,28080,1.02,10061
10,39434,1.02,29189,1.04,11011
11,39250,1,29360,1.01,10406
12,40229,1.02,29783,1.01,10704
13,39694,0.99,30073,1.01,10670
14,42412,1.07,31157,1.04,11587
15,43135,1.02,32151,1.03,11898
16,42823,0.99,32083,1,11100
17,42388,0.99,31040,0.97,10111
18,42664,1.01,31741,1.02,11571
19,42937,1.01,31695,1,11024
20,44592,1.04,32630,1.03,12049
21,45428,1.02,33442,1.02,12123
22,43162,0.95,32914,0.98,11160
23,44583,1.03,32983,1,11443
24,45825,1.03,34179,1.04,12739
25,47257,1.03,34450,1.01,12169
26,46310,0.98,34743,1.01,12534
27,44240,0.96,33402,0.96,10625
28,45781,1.03,34131,1.02,12268
29,44637,0.98,33707,0.99,11298
30,43558,0.98,32822,0.97,10742
31,43254,0.99,31814,0.97,10247
2,36830,0,21248,0.7,0
3,34022,0.92,25720,1.21,13718
4,34968,1.03,26359,1.02,9612
5,35261,1.01,26226,0.99,8872
6,37092,1.05,27114,1.03,10025
7,37318,1.01,27876,1.03,10337
8,37221,1,27593,0.99,9652
9,38062,1.02,27938,1.01,10059
10,38567,1.01,28885,1.03,10722
11,39160,1.02,29578,1.02,10656
12,41502,1.06,30394,1.03,10938
13,40820,0.98,30218,0.99,10479
14,40294,0.99,30754,1.02,11129
15,40445,1,30266,0.98,10174
16,41046,1.01,30229,1,10491
17,40448,0.99,29885,0.99,10330
18,42038,1.04,31499,1.05,12095
19,42556,1.01,31724,1.01,11173
20,41907,0.98,31742,1,11165
21,43161,1.03,31854,1,11014
22,45071,1.04,33114,1.04,12295
23,45698,1.01,33832,1.02,12444
24,44662,0.98,33872,1,11734
25,44582,1,33297,0.98,11212
26,46109,1.03,33647,1.01,11978
27,46068,1,34099,1.01,12366
28,45412,0.99,34073,1,11792
29,45358,1,33753,0.99,11375
30,47078,1.04,34692,1.03,12658
31,45324,0.96,34293,0.99,12013
