Year,pre-breeding-pop,lambda-pb,adult-pop,lambda,new-adults
2,35983,0,21098,0.7,0
3,33158,0.92,25424,1.21,13383
4,34453,1.04,26057,1.02,9307
5,35654,1.03,26359,1.01,9370
6,37103,1.04,27445,1.04,10278
7,37498,1.01,27696,1.01,10011
8,35958,0.96,27092,0.98,8990
9,33046,0.92,25581,0.94,7609
10,30142,0.91,23422,0.92,6475
11,26895,0.89,21521,0.92,5915
12,22927,0.85,18617,0.87,4107
13,20838,0.91,16519,0.89,4024
14,19653,0.94,15431,0.93,4344
15,19340,0.98,14852,0.96,4586
16,20155,1.04,15232,1.03,5504
17,20883,1.04,16086,1.06,6249
18,22160,1.06,16920,1.05,6281
19,23307,1.05,17327,1.02,6401
20,24964,1.07,18531,1.07,7403
21,26721,1.07,19867,1.07,7989
22,28054,1.05,20901,1.05,8179
23,29625,1.06,21868,1.05,8423
24,31272,1.06,23022,1.05,8945
25,32380,1.04,23881,1.04,9034
26,33654,1.04,25205,1.06,9801
27,35905,1.07,26211,1.04,9904
28,37741,1.05,27869,1.06,11021
29,37561,1,28250,1.01,10252
30,38191,1.02,28409,1.01,9938
31,39045,1.02,28590,1.01,10062
2,36445,0,21117,0.7,0
3,33391,0.92,25576,1.21,13610
4,33418,1,25563,1,8733
5,34627,1.04,25873,1.01,9019
6,34839,1.01,26055,1.01,9159
7,37401,1.07,27109,1.04,10345
8,35425,0.95,27115,1,9609
9,32806,0.93,25380,0.94,7419
10,30020,0.92,23324,0.92,6596
11,27394,0.91,21391,0.92,5898
12,23090,0.84,18627,0.87,4328
13,20569,0.89,16399,0.88,3860
14,18896,0.92,14870,0.91,3966
15,19087,1.01,14692,0.99,4922
16,19546,1.02,14981,1.02,5431
17,19981,1.02,15305,1.02,5665
18,22021,1.1,16359,1.07,6424
19,23475,1.07,17488,1.07,7109
20,24560,1.05,18269,1.04,7049
21,25940,1.06,19367,1.06,7700
22,27740,1.07,20478,1.06,7989
23,29247,1.05,21868,1.07,8792
24,30566,1.05,22479,1.03,8376
25,33018,1.08,24452,1.09,10042
26,32996,1,24809,1.01,9124
27,34566,1.05,25785,1.04,9592
28,34628,1,26164,1.01,9451
29,36286,1.05,26388,1.01,9317
30,36604,1.01,27158,1.03,10157
31,36707,1,27647,1.02,10109
2,37650,0,21431,0.7,0
3,34210,0.91,26357,1.23,14109
4,34526,1.01,25890,0.98,8706
5,35013,1.01,26332,1.02,9497
6,36791,1.05,26972,1.02,9679
7,35812,0.97,27210,1.01,9944
8,33525,0.94,25830,0.95,7945
9,32610,0.97,24835,0.96,7751
10,30111,0.92,23688,0.95,7207
11,26955,0.9,21256,0.9,5330
12,23824,0.88,18978,0.89,4782
13,20638,0.87,16831,0.89,4238
14,19200,0.93,15229,0.9,3845
15,19767,1.03,14954,0.98,4835
16,19775,1,14821,0.99,5123
17,19930,1.01,15123,1.02,5551
18,20875,1.05,15826,1.05,5968
19,23710,1.14,17364,1.1,7185
20,25880,1.09,18794,1.08,7662
21,27074,1.05,20254,1.08,8375
22,28556,1.05,20953,1.03,7721
23,29989,1.05,21974,1.05,8512
24,32401,1.08,23785,1.08,9668
25,34002,1.05,25098,1.06,9861
26,34508,1.01,25808,1.03,9650
27,35513,1.03,26507,1.03,9776
28,35860,1.01,26649,1.01,9355
29,37585,1.05,27532,1.03,10237
30,36431,0.97,27535,1,9678
31,39417,1.08,28626,1.04,10775
2,37716,0,21380,0.7,0
3,34299,0.91,26484,1.24,14488
4,35141,1.02,26040,0.98,8620
5,36241,1.03,27174,1.04,10415
6,36481,1.01,27408,1.01,9674
7,37496,1.03,27592,1.01,9771
8,34783,0.93,26809,0.97,8929
9,32174,0.92,25060,0.93,7215
10,29907,0.93,23202,0.93,6624
11,26420,0.88,21089,0.91,5588
12,23039,0.87,18442,0.87,4242
13,20386,0.88,16293,0.88,3967
14,19073,0.94,14982,0.92,4116
15,19192,1.01,14588,0.97,4806
16,19480,1.02,14846,1.02,5314
17,21084,1.08,15791,1.06,6147
18,22108,1.05,16531,1.05,6300
19,23003,1.04,17522,1.06,6841
20,24226,1.05,18147,1.04,6763
21,25125,1.04,18725,1.03,7002
22,27429,1.09,20454,1.09,8395
23,28835,1.05,21390,1.05,8304
24,29564,1.03,22233,1.04,8459
25,32193,1.09,23830,1.07,9378
26,32921,1.02,24865,1.04,9472
27,34527,1.05,25485,1.02,9333
28,37189,1.08,27366,1.07,11017
29,37887,1.02,28022,1.02,10482
30,37654,0.99,28123,1,9831
31,40525,1.08,29546,1.05,11249
2,36778,0,21665,0.7,0
3,34276,0.93,26190,1.21,13541
4,34688,1.01,26226,1,9194
5,35564,1.03,26548,1.01,9619
6,36684,1.03,27171,1.02,9847
7,38044,1.04,28118,1.03,10581
8,36154,0.95,27277,0.97,8955
9,34012,0.94,26280,0.96,8354
10,30625,0.9,23857,0.91,6408
11,27119,0.89,21576,0.9,5643
12,23469,0.87,18927,0.88,4428
13,21361,0.91,16975,0.9,4183
14,19667,0.92,15305,0.9,4006
15,19987,1.02,15308,1,5286
16,20334,1.02,15494,1.01,5515
17,21350,1.05,15964,1.03,5942
18,21972,1.03,16686,1.05,6519
19,22727,1.03,17154,1.03,6251
20,24832,1.09,18281,1.07,7320
21,26108,1.05,19440,1.06,7709
22,28084,1.08,20566,1.06,8063
23,29385,1.05,21894,1.06,8709
24,30410,1.03,22461,1.03,8408
25,31411,1.03,23493,1.05,8993
26,32233,1.03,24094,1.03,8959
27,33183,1.03,24770,1.03,9065
28,33761,1.02,25356,1.02,9226
29,35943,1.06,26413,1.04,9869
30,37246,1.04,27216,1.03,10076
31,35907,0.96,27186,1,9709
2,35708,0,20970,0.7,0
3,33156,0.93,25169,1.2,13190
4,34657,1.05,25918,1.03,9558
5,35372,1.02,26215,1.01,9261
6,35692,1.01,26897,1.03,9854
7,37646,1.05,27709,1.03,10209
8,37598,1,27920,1.01,10025
9,34764,0.92,26472,0.95,8146
10,30847,0.89,24069,0.91,6648
11,27591,0.89,21732,0.9,5610
12,24007,0.87,19267,0.89,4772
13,21411,0.89,17001,0.88,3992
14,20380,0.95,15836,0.93,4507
15,19514,0.96,15247,0.96,4879
16,20074,1.03,15187,1,5168
17,20537,1.02,15683,1.03,5865
18,22485,1.09,16442,1.05,6332
19,24700,1.1,17813,1.08,7294
20,24949,1.01,18898,1.06,7644
21,26358,1.06,19703,1.04,7358
22,28056,1.06,20923,1.06,8236
23,29119,1.04,21979,1.05,8445
24,30501,1.05,22546,1.03,8388
25,31754,1.04,23421,1.04,8865
26,33192,1.05,24920,1.06,9750
27,35335,1.06,25958,1.04,9711
28,35314,1,26753,1.03,10084
29,36268,1.03,26858,1,9340
30,37259,1.03,28165,1.05,10750
31,39007,1.05,28971,1.03,10650
2,34733,0,20999,0.7,0
3,32807,0.94,24646,1.17,12399
4,33925,1.03,25021,1.02,8801
5,33838,1,25223,1.01,9119
6,35205,1.04,26310,1.04,9825
7,35064,1,26059,0.99,9140
8,34197,0.98,25934,1,8978
9,32910,0.96,25250,0.97,8225
10,29441,0.89,22946,0.91,6210
11,25881,0.88,20497,0.89,5257
12,22005,0.85,17867,0.87,4077
13,19826,0.9,15684,0.88,3669
14,18116,0.91,14301,0.91,3744
15,18177,1,13700,0.96,4243
16,18968,1.04,14221,1.04,5386
17,20392,1.08,15202,1.07,5973
18,21678,1.06,16472,1.08,6742
19,22722,1.05,17193,1.04,6363
20,24726,1.09,17951,1.04,6808
21,25850,1.05,19631,1.09,8282
22,27900,1.08,20655,1.05,8004
23,28517,1.02,21612,1.05,8351
24,30775,1.08,22687,1.05,8711
25,31772,1.03,23260,1.03,8690
26,33727,1.06,24916,1.07,9979
27,34346,1.02,25556,1.03,9423
28,35128,1.02,26172,1.02,9628
29,36925,1.05,27473,1.05,10441
30,36453,0.99,27446,1,9546
31,36990,1.01,27400,1,9615
2,37401,0,21108,0.7,0
3,35000,0.94,26385,1.25,14454
4,35129,1,26464,1,9230
5,34627,0.99,26064,0.98,8698
6,35600,1.03,26720,1.03,9642
7,36023,1.01,27153,1.02,9776
8,34297,0.95,25942,0.96,8136
9,32642,0.95,25265,0.97,8311
10,29280,0.9,23214,0.92,6363
11,25486,0.87,20328,0.88,4785
12,21705,0.85,17644,0.87,3946
13,19114,0.88,15292,0.87,3372
14,18383,0.96,14326,0.94,4017
15,18934,1.03,14317,1,4850
16,18894,1,14465,1.01,5162
17,20079,1.06,15036,1.04,5554
18,21488,1.07,15842,1.05,6090
19,24283,1.13,17706,1.12,7514
20,26283,1.08,19508,1.1,8250
21,27969,1.06,21037,1.08,8552
22,29277,1.05,21583,1.03,7901
23,31571,1.08,22928,1.06,9202
24,32861,1.04,24617,1.07,9980
25,33283,1.01,24834,1.01,8809
26,34552,1.04,25726,1.04,9659
27,34256,0.99,26039,1.01,9401
28,35966,1.05,27200,1.04,10212
29,36532,1.02,27355,1.01,9545
30,37145,1.02,27733,1.01,9962
31,36995,1,27910,1.01,9913
2,37490,0,21397,0.7,0
3,35162,0.94,26705,1.25,14664
4,35898,1.02,26818,1,9250
5,34990,0.97,26213,0.98,8799
6,35983,1.03,26599,1.01,9438
7,37780,1.05,27808,1.05,10596
8,35675,0.94,27115,0.98,9051
9,34129,0.96,25882,0.95,8114
10,31443,0.92,24321,0.94,7234
11,27710,0.88,21690,0.89,5479
12,24224,0.87,19299,0.89,4946
13,22082,0.91,17369,0.9,4433
14,20987,0.95,16449,0.95,5009
15,20799,0.99,16042,0.98,5147
16,21938,1.05,16640,1.04,6069
17,22637,1.03,16901,1.02,6034
18,24023,1.06,18342,1.09,7461
19,25204,1.05,18765,1.02,6778
20,25540,1.01,19172,1.02,7114
21,28052,1.1,20513,1.07,8060
22,30675,1.09,22195,1.08,9243
23,31043,1.01,23266,1.05,9081
24,32635,1.05,24353,1.05,9286
25,34996,1.07,25906,1.06,10188
26,36970,1.06,27075,1.05,10352
27,37620,1.02,28150,1.04,10501
28,40066,1.07,29270,1.04,11180
29,39428,0.98,29495,1.01,10639
30,39625,1,29885,1.01,10398
31,38769,0.98,28935,0.97,9209
2,38305,0,21346,0.71,0
3,33713,0.88,26285,1.23,14314
4,36381,1.08,26639,1.01,9181
5,36230,1,27218,1.02,9862
6,36694,1.01,27424,1.01,9892
7,36655,1,27231,0.99,9271
8,36272,0.99,27415,1.01,9609
9,33196,0.92,26001,0.95,7812
10,29880,0.9,23810,0.92,6426
11,27485,0.92,21338,0.9,5413
12,23156,0.84,18690,0.88,4456
13,21140,0.91,16519,0.88,4028
14,20301,0.96,15853,0.96,4950
15,20097,0.99,15428,0.97,5032
16,20002,1,15331,0.99,5288
17,20041,1,15263,1,5300
18,22380,1.12,16569,1.09,6711
19,22835,1.02,17344,1.05,6736
20,24708,1.08,18257,1.05,7142
21,25372,1.03,18932,1.04,7264
22,27759,1.09,20694,1.09,8432
23,29703,1.07,21835,1.06,8445
24,30815,1.04,23109,1.06,8988
25,31693,1.03,23547,1.02,8438
26,32601,1.03,24217,1.03,9030
27,33125,1.02,24702,1.02,8856
28,33447,1.01,25000,1.01,8894
29,33761,1.01,25315,1.01,8983
30,35200,1.04,26178,1.03,9717
31,37263,1.06,27217,1.04,10354
2,36059,0,21193,0.7,0
3,35546,0.99,26634,1.26,14666
4,36151,1.02,26976,1.01,9514
5,35220,0.97,26598,0.99,8958
6,36984,1.05,26976,1.01,9615
7,36773,0.99,27329,1.01,9788
8,35942,0.98,27126,0.99,9394
9,33490,0.93,25959,0.96,8228
10,30678,0.92,23904,0.92,6790
11,27868,0.91,21620,0.9,5746
12,23781,0.85,19178,0.89,4770
13,21567,0.91,17172,0.9,4326
14,21071,0.98,16226,0.94,4849
15,21384,1.01,16065,0.99,5535
16,22122,1.03,16634,1.04,6183
17,23299,1.05,17250,1.04,6505
18,24397,1.05,18062,1.05,6947
19,25712,1.05,19430,1.08,7786
20,28145,1.09,20620,1.06,7979
21,28701,1.02,21758,1.06,8503
22,29797,1.04,22044,1.01,7920
23,30807,1.03,22868,1.04,8713
24,31593,1.03,23745,1.04,8972
25,32735,1.04,24671,1.04,9149
26,35152,1.07,26078,1.06,10225
27,36190,1.03,26774,1.03,9814
28,37195,1.03,27659,1.03,10349
29,37528,1.01,28040,1.01,10016
30,38633,1.03,28219,1.01,9922
31,38741,1,28662,1.02,10339
2,35783,0,21306,0.7,0
3,33580,0.94,25442,1.19,12919
4,33884,1.01,25553,1,8738
5,35771,1.06,26290,1.03,9587
6,37362,1.04,27360,1.04,10368
7,35923,0.96,27466,1,9787
8,33853,0.94,26150,0.95,8061
9,31261,0.92,24265,0.93,6812
10,28275,0.9,22111,0.91,5963
11,25175,0.89,19898,0.9,5108
12,21172,0.84,17368,0.87,4024
13,19171,0.91,15296,0.88,3619
14,17675,0.92,14098,0.92,3839
15,17221,0.97,13275,0.94,3837
16,17256,1,13177,0.99,4582
17,18580,1.08,13977,1.06,5399
18,19402,1.04,14659,1.05,5569
19,20646,1.06,15432,1.05,6068
20,21440,1.04,16149,1.05,6124
21,23722,1.11,17444,1.08,7031
22,25742,1.09,18861,1.08,7836
23,27574,1.07,20217,1.07,8052
24,28662,1.04,21425,1.06,8339
25,30106,1.05,22106,1.03,8199
26,30986,1.03,23260,1.05,9053
27,31265,1.01,23629,1.02,8550
28,33294,1.06,24648,1.04,9371
29,34357,1.03,25254,1.02,9284
30,34844,1.01,25851,1.02,9582
31,36618,1.05,26916,1.04,10295
2,35948,0,20958,0.7,0
3,33902,0.94,25779,1.23,13830
4,33821,1,25604,0.99,8755
5,34151,1.01,25471,0.99,8754
6,34724,1.02,26099,1.02,9607
7,35998,1.04,26904,1.03,9871
8,35893,1,27064,1.01,9570
9,33138,0.92,25597,0.95,7840
10,30239,0.91,23434,0.92,6477
11,26673,0.88,21107,0.9,5493
12,22977,0.86,18461,0.87,4400
13,20379,0.89,16159,0.88,3726
14,18902,0.93,14758,0.91,4062
15,18301,0.97,14091,0.95,4285
16,19560,1.07,14699,1.04,5568
17,20162,1.03,15629,1.06,6028
18,21450,1.06,16057,1.03,5890
19,22552,1.05,16959,1.06,6654
20,23187,1.03,17418,1.03,6405
21,25740,1.11,19075,1.1,7894
22,29045,1.13,21003,1.1,8811
23,29895,1.03,22401,1.07,8992
24,32012,1.07,23510,1.05,8959
25,33181,1.04,24590,1.05,9434
26,33451,1.01,25100,1.02,9115
27,34500,1.03,25848,1.03,9529
28,36034,1.04,26833,1.04,10157
29,36352,1.01,26758,1,9203
30,37982,1.04,28036,1.05,10786
31,38465,1.01,28824,1.03,10513
2,36586,0,21231,0.7,0
3,34868,0.95,26325,1.24,14112
4,35289,1.01,26102,0.99,8975
5,35376,1,26385,1.01,9362
6,36102,1.02,27289,1.03,10121
7,37481,1.04,27933,1.02,10189
8,36385,0.97,27654,0.99,9441
9,34467,0.95,26848,0.97,8480
10,32115,0.93,24910,0.93,7104
11,28506,0.89,22398,0.9,5700
12,24542,0.86,19617,0.88,4601
13,22356,0.91,17704,0.9,4596
14,21242,0.95,16448,0.93,4670
15,21205,1,16023,0.97,5137
16,21519,1.01,16592,1.04,6083
17,22617,1.05,16744,1.01,5982
18,24067,1.06,17769,1.06,6970
19,26612,1.11,19515,1.1,8089
20,27214,1.02,20436,1.05,7895
21,28135,1.03,21025,1.03,7781
22,30378,1.08,22670,1.08,9228
23,32070,1.06,23391,1.03,8903
24,33293,1.04,25269,1.08,10257
25,33545,1.01,25113,0.99,8425
26,34672,1.03,25934,1.03,9681
27,34856,1.01,26559,1.02,9682
28,36851,1.06,27000,1.02,9608
29,38269,1.04,28239,1.05,10947
30,38613,1.01,28862,1.02,10594
31,38862,1.01,28957,1,10120
2,36525,0,21211,0.7,0
3,33570,0.92,25942,1.22,13843
4,34685,1.03,25495,0.98,8439
5,34399,0.99,26198,1.03,9727
6,34549,1,25750,0.98,8597
7,35261,1.02,26598,1.03,9894
8,35408,1,26694,1,9184
9,32962,0.93,25842,0.97,8284
10,30871,0.94,23816,0.92,6755
11,27547,0.89,21772,0.91,5986
12,23996,0.87,19222,0.88,4664
13,21979,0.92,17358,0.9,4481
14,20621,0.94,16295,0.94,4826
15,20637,1,16000,0.98,5156
16,21219,1.03,15983,1,5575
17,22267,1.05,16860,1.05,6509
18,24157,1.08,17822,1.06,6923
19,25766,1.07,19064,1.07,7728
20,26307,1.02,20165,1.06,7922
21,29308,1.11,21562,1.07,8506
22,30954,1.06,23250,1.08,9389
23,32651,1.05,24628,1.06,9522
24,34105,1.04,25380,1.03,9334
25,36153,1.06,26555,1.05,10149
26,37436,1.04,27756,1.05,10592
27,37129,0.99,27962,1.01,9734
28,38191,1.03,28560,1.02,10275
29,38267,1,28806,1.01,10325
30,38681,1.01,29385,1.02,10777
31,39404,1.02,29353,1,10137
2,36308,0,21238,0.7,0
3,32785,0.9,25514,1.2,13291
4,33220,1.01,25220,0.99,8323
5,34499,1.04,25715,1.02,9220
6,35212,1.02,26370,1.03,9647
7,37543,1.07,27769,1.05,10804
8,35726,0.95,27072,0.97,8918
9,34335,0.96,25975,0.96,8160
10,31627,0.92,24566,0.95,7293
11,28165,0.89,22190,0.9,5863
12,24923,0.88,19776,0.89,4914
13,22539,0.9,17826,0.9,4736
14,21304,0.95,16624,0.93,4687
15,21755,1.02,16329,0.98,5428
16,22155,1.02,16727,1.02,6130
17,23394,1.06,17106,1.02,6194
18,24954,1.07,18820,1.1,7946
19,26054,1.04,19625,1.04,7463
20,26624,1.02,20128,1.03,7310
21,28128,1.06,21099,1.05,8180
22,30547,1.09,22564,1.07,9018
23,31627,1.04,23246,1.03,8777
24,33184,1.05,24574,1.06,9556
25,34457,1.04,25725,1.05,9871
26,36655,1.06,26984,1.05,10354
27,36446,0.99,27477,1.02,10080
28,38305,1.05,28345,1.03,10498
29,38174,1,28509,1.01,10019
30,38875,1.02,29116,1.02,10593
31,39982,1.03,29752,1.02,10786
2,36303,0,20790,0.7,0
3,33749,0.93,25760,1.24,13966
4,33288,0.99,25259,0.98,8291
5,34879,1.05,25935,1.03,9475
6,33890,0.97,25790,0.99,8873
7,34515,1.02,25887,1,8973
8,33721,0.98,25623,0.99,8803
9,32563,0.97,24848,0.97,8093
10,29917,0.92,23585,0.95,7078
11,26373,0.88,20952,0.89,5176
12,22904,0.87,18305,0.87,4166
13,21321,0.93,16619,0.91,4362
14,19528,0.92,15393,0.93,4351
15,19278,0.99,14874,0.97,4651
16,19480,1.01,14796,0.99,5039
17,21082,1.08,16060,1.09,6456
18,22214,1.05,16865,1.05,6481
19,24610,1.11,17940,1.06,7202
20,26165,1.06,19543,1.09,8250
21,27627,1.06,20855,1.07,8133
22,29438,1.07,21592,1.04,8123
23,29764,1.01,22193,1.03,8244
24,32460,1.09,23598,1.06,9487
25,34012,1.05,25099,1.06,9893
26,36081,1.06,26559,1.06,10480
27,36556,1.01,26972,1.02,9787
28,37665,1.03,28161,1.04,10527
29,38367,1.02,28518,1.01,10194
30,38807,1.01,28835,1.01,10288
31,39136,1.01,28903,1,10120
2,38254,0,21200,0.7,0
3,34187,0.89,26327,1.24,14574
4,33675,0.99,25625,0.97,8215
5,33679,1,25527,1,8738
6,35658,1.06,26162,1.02,9449
7,34982,0.98,26556,1.02,9568
8,34287,0.98,25995,0.98,8424
9,31672,0.92,24564,0.94,7388
10,28173,0.89,22293,0.91,6036
11,25254,0.9,19939,0.89,4905
12,21623,0.86,17569,0.88,4207
13,19395,0.9,15307,0.87,3365
14,18797,0.97,14662,0.96,4490
15,18520,0.99,14164,0.97,4478
16,19391,1.05,14757,1.04,5627
17,20040,1.03,15223,1.03,5623
18,21727,1.08,16127,1.06,6152
19,23616,1.09,17615,1.09,7284
20,25836,1.09,18831,1.07,7411
21,26297,1.02,19971,1.06,7906
22,28097,1.07,21091,1.06,8023
23,31373,1.12,22772,1.08,8960
24,30523,0.97,23106,1.01,8462
25,31732,1.04,23495,1.02,8495
26,33184,1.05,24207,1.03,9012
27,34215,1.03,25626,1.06,10108
28,36907,1.08,27178,1.06,10588
29,37067,1,27420,1.01,9906
30,40483,1.09,29244,1.07,11544
31,40843,1.01,29876,1.02,11081
2,37536,0,21116,0.7,0
3,35569,0.95,27099,1.28,15294
4,35743,1,26561,0.98,8585
5,35992,1.01,26934,1.01,9779
6,35731,0.99,26964,1,9436
7,35881,1,26417,0.98,8657
8,35670,0.99,26587,1.01,9582
9,33183,0.93,25065,0.94,7710
10,30951,0.93,23714,0.95,7364
11,27806,0.9,21696,0.91,6086
12,24377,0.88,19565,0.9,5132
13,22678,0.93,17764,0.91,4523
14,21886,0.97,16898,0.95,5238
15,21984,1,16815,1,5759
16,21932,1,16646,0.99,5548
17,22473,1.02,17258,1.04,6438
18,23646,1.05,17638,1.02,6314
19,24249,1.03,18552,1.05,7194
20,26262,1.08,19116,1.03,7109
21,27409,1.04,20491,1.07,8200
22,30388,1.11,22363,1.09,9123
23,32020,1.05,23725,1.06,9324
24,32750,1.02,24684,1.04,9404
25,35948,1.1,25983,1.05,9836
26,37165,1.03,27640,1.06,11057
27,39358,1.06,28832,1.04,10785
28,38634,0.98,29221,1.01,10624
29,39278,1.02,29247,1,10133
30,38238,0.97,29433,1.01,10396
31,38758,1.01,28733,0.98,9289
2,36185,0,21241,0.7,0
3,33478,0.93,25395,1.2,13172
4,34209,1.02,25563,1.01,8983
5,34043,1,25906,1.01,9317
6,35971,1.06,26905,1.04,9959
7,36458,1.01,27615,1.03,10009
8,34843,0.96,26727,0.97,8677
9,34292,0.98,25680,0.96,8012
10,30550,0.89,24030,0.94,7138
11,27914,0.91,21980,0.91,5972
12,24582,0.88,19414,0.88,4844
13,22569,0.92,17701,0.91,4691
14,21601,0.96,17051,0.96,5238
15,21895,1.01,16680,0.98,5422
16,23331,1.07,17453,1.05,6727
17,24027,1.03,18211,1.04,6923
18,25559,1.06,19103,1.05,7273
19,27168,1.06,20035,1.05,7770
20,28606,1.05,20960,1.05,8065
21,29499,1.03,21986,1.05,8525
22,30452,1.03,22931,1.04,8557
23,33297,1.09,24667,1.08,9786
24,35173,1.06,26279,1.07,10284
25,35287,1,26456,1.01,9177
26,34930,0.99,26400,1,9133
27,36304,1.04,26850,1.02,9554
28,37864,1.04,27926,1.04,10529
29,38169,1.01,28505,1.02,10470
30,38953,1.02,28909,1.01,10245
31,40715,1.05,29943,1.04,11234
2,36615,0,21277,0.7,0
3,35156,0.96,26293,1.24,14290
4,34053,0.97,25691,0.98,8340
5,35552,1.04,26393,1.03,9664
6,36452,1.03,27139,1.03,9952
7,37122,1.02,27628,1.02,9981
8,35703,0.96,27059,0.98,9049
9,32838,0.92,25214,0.93,7263
10,31204,0.95,23996,0.95,7300
11,27640,0.89,22033,0.92,6008
12,24294,0.88,19389,0.88,4515
13,21834,0.9,17531,0.9,4569
14,21390,0.98,16548,0.94,4697
15,21675,1.01,16354,0.99,5518
16,22482,1.04,16476,1.01,5865
17,24261,1.08,17924,1.09,7466
18,25626,1.06,19442,1.08,7933
19,28106,1.1,20741,1.07,8162
20,29218,1.04,21627,1.04,8272
21,31223,1.07,23481,1.09,9528
22,33087,1.06,24127,1.03,8911
23,32347,0.98,24604,1.02,8865
24,33611,1.04,25045,1.02,8841
25,35223,1.05,25693,1.03,9416
26,36562,1.04,26702,1.04,10072
27,38034,1.04,28590,1.07,11496
28,37966,1,28177,0.99,9442
29,37968,1,28138,1,9817
30,39223,1.03,29171,1.04,10883
31,39226,1,29393,1.01,10480
2,36708,0,21191,0.7,0
3,33383,0.91,25618,1.21,13640
4,34745,1.04,26087,1.02,9174
5,34965,1.01,26227,1.01,9187
6,34993,1,26668,1.02,9545
7,35527,1.02,26722,1,9153
8,34318,0.97,26094,0.98,8582
9,31935,0.93,24828,0.95,7612
10,29540,0.93,22943,0.92,6401
11,26038,0.88,20567,0.9,5500
12,22722,0.87,18074,0.88,4300
13,20480,0.9,16207,0.9,4148
14,18887,0.92,14856,0.92,3952
15,18458,0.98,14232,0.96,4367
16,19025,1.03,14552,1.02,5217
17,19628,1.03,14683,1.01,5210
18,20979,1.07,15789,1.08,6384
19,22621,1.08,16653,1.05,6406
20,23244,1.03,17661,1.06,6998
21,25205,1.08,18748,1.06,7393
22,27489,1.09,20339,1.08,8358
23,28272,1.03,21322,1.05,8111
24,29929,1.06,22176,1.04,8411
25,30936,1.03,22846,1.03,8538
26,33422,1.08,24477,1.07,9770
27,33759,1.01,25171,1.03,9378
28,35535,1.05,26142,1.04,9793
29,36190,1.02,26789,1.02,9868
30,35815,0.99,26953,1.01,9471
31,36905,1.03,27951,1.04,10350
2,37408,0,21645,0.7,0
3,34812,0.93,26744,1.24,14283
4,35153,1.01,26495,0.99,8971
5,35084,1,26365,1,9068
6,35518,1.01,26807,1.02,9694
7,37137,1.05,27505,1.03,9841
8,36412,0.98,27149,0.99,9272
9,34788,0.96,26434,0.97,8644
10,31848,0.92,24815,0.94,7508
11,27780,0.87,22026,0.89,5407
12,24922,0.9,19764,0.9,5086
13,22408,0.9,17642,0.89,4514
14,21008,0.94,16525,0.94,4698
15,20919,1,15938,0.96,5014
16,21283,1.02,15952,1,5582
17,22212,1.04,16561,1.04,6264
18,22802,1.03,17386,1.05,6680
19,24358,1.07,17918,1.03,6607
20,26323,1.08,19474,1.09,8015
21,27596,1.05,20958,1.08,8342
22,28361,1.03,21204,1.01,7694
23,30264,1.07,22503,1.06,8767
24,31271,1.03,23359,1.04,8729
25,31712,1.01,24047,1.03,8733
26,34198,1.08,25124,1.04,9534
27,35880,1.05,26714,1.06,10422
28,35682,0.99,26839,1,9348
29,37028,1.04,27551,1.03,9923
30,36544,0.99,27588,1,9537
31,37808,1.03,28318,1.03,10192
2,35754,0,21908,0.7,0
3,33402,0.93,25736,1.17,12728
4,34474,1.03,25615,1,8686
5,35693,1.04,26501,1.03,10052
6,37000,1.04,27442,1.04,10241
7,37553,1.01,28362,1.03,10607
8,35088,0.93,26948,0.95,8218
9,34051,0.97,25635,0.95,7717
10,31074,0.91,24315,0.95,7584
11,27450,0.88,21696,0.89,5566
12,23495,0.86,18992,0.88,4508
13,21041,0.9,16742,0.88,3873
14,20742,0.99,16208,0.97,5025
15,20693,1,15894,0.98,5057
16,20510,0.99,15845,1,5511
17,21203,1.03,16043,1.01,5626
18,22510,1.06,17313,1.08,6907
19,22987,1.02,17602,1.02,6248
20,25333,1.1,18648,1.06,7146
21,25798,1.02,19541,1.05,7570
22,27216,1.05,20259,1.04,7600
23,28783,1.06,21372,1.05,8393
24,29345,1.02,22084,1.03,8370
25,29754,1.01,21895,0.99,7561
26,30450,1.02,22670,1.04,8551
27,31844,1.05,23375,1.03,8635
28,32112,1.01,24257,1.04,9115
29,34706,1.08,25503,1.05,9711
30,35869,1.03,26396,1.04,9994
31,36697,1.02,27351,1.04,10161
2,35715,0,21264,0.7,0
3,32088,0.9,25087,1.18,12760
4,33986,1.06,24818,0.99,8267
5,32642,0.96,24910,1,8789
6,33918,1.04,25519,1.02,9110
7,34193,1.01,25788,1.01,9153
8,33769,0.99,25275,0.98,8403
9,31257,0.93,24330,0.96,7688
10,28295,0.91,22409,0.92,6409
11,25271,0.89,20117,0.9,5323
12,21440,0.85,17440,0.87,3812
13,19368,0.9,15431,0.88,3686
14,18810,0.97,14489,0.94,4297
15,18040,0.96,14134,0.98,4673
16,18286,1.01,14017,0.99,4705
17,19542,1.07,14548,1.04,5493
18,20061,1.03,15110,1.04,5823
19,22746,1.13,16745,1.11,6999
20,24342,1.07,17948,1.07,7243
21,25861,1.06,19443,1.08,8067
22,27205,1.05,20787,1.07,8056
23,28860,1.06,21735,1.05,8182
24,31473,1.09,23207,1.07,9179
25,32322,1.03,24176,1.04,9217
26,34022,1.05,25270,1.05,9594
27,34480,1.01,26013,1.03,9571
28,35698,1.04,26051,1,9083
29,34977,0.98,26468,1.02,9507
30,36372,1.04,26857,1.01,9681
31,37667,1.04,27415,1.02,10108
2,36987,0,21077,0.7,0
3,33905,0.92,25737,1.22,13876
4,33367,0.98,25511,0.99,8521
5,32958,0.99,24905,0.98,8145
6,34387,1.04,25670,1.03,9451
7,36050,1.05,26071,1.02,9287
8,34723,0.96,26295,1.01,9541
9,31419,0.9,24672,0.94,7410
10,28717,0.91,22316,0.9,5834
11,26193,0.91,20537,0.92,5753
12,22700,0.87,18207,0.89,4571
13,20951,0.92,16537,0.91,4341
14,20221,0.97,15725,0.95,4783
15,20419,1.01,15581,0.99,5096
16,20634,1.01,15310,0.98,5176
17,20520,0.99,15787,1.03,5965
18,20800,1.01,15783,1,5613
19,22644,1.09,16760,1.06,6484
20,24172,1.07,17877,1.07,7125
21,25431,1.05,18755,1.05,7380
22,27762,1.09,20451,1.09,8411
23,29160,1.05,21866,1.07,8724
24,30817,1.06,22763,1.04,8590
25,32519,1.06,24112,1.06,9448
26,32056,0.99,23810,0.99,8206
27,33272,1.04,24639,1.03,9189
28,33767,1.01,25371,1.03,9270
29,34413,1.02,26078,1.03,9500
30,36337,1.06,26850,1.03,9972
31,38476,1.06,28116,1.05,10645
2,36154,0,21482,0.7,0
3,34171,0.95,26047,1.21,13784
4,33779,0.99,25531,0.98,8401
5,35339,1.05,26197,1.03,9664
6,35048,0.99,26452,1.01,9476
7,34034,0.97,25774,0.97,8442
8,33699,0.99,25720,1,8976
9,31077,0.92,23841,0.93,6850
10,28038,0.9,22208,0.93,6402
11,25545,0.91,20023,0.9,5267
12,21726,0.85,17574,0.88,4150
13,19518,0.9,15612,0.89,3803
14,18608,0.95,14603,0.94,4186
15,18754,1.01,14376,0.98,4749
16,19317,1.03,14817,1.03,5398
17,20365,1.05,15174,1.02,5486
18,21078,1.04,15796,1.04,5960
19,22487,1.07,17021,1.08,6854
20,23838,1.06,17573,1.03,6561
21,24120,1.01,18102,1.03,6977
22,26581,1.1,19393,1.07,7639
23,28065,1.06,20845,1.07,8335
24,29614,1.06,22068,1.06,8614
25,31584,1.07,23276,1.05,9158
26,31344,0.99,23590,1.01,8618
27,32589,1.04,24308,1.03,9070
28,33399,1.02,25129,1.03,9363
29,34162,1.02,25383,1.01,8971
30,34082,1,25752,1.01,9178
31,34958,1.03,25661,1,8881
2,34733,0,21319,0.7,0
3,33526,0.97,25294,1.19,12757
4,33765,1.01,25089,0.99,8415
5,36152,1.07,26748,1.07,10506
6,37306,1.03,27997,1.05,10548
7,37378,1,27718,0.99,9465
8,35521,0.95,27209,0.98,9079
9,34560,0.97,26178,0.96,8202
10,30805,0.89,24265,0.93,6903
11,26417,0.86,21086,0.87,4866
12,22697,0.86,18289,0.87,4060
13,19919,0.88,16018,0.88,3669
14,19362,0.97,15049,0.94,4280
15,19015,0.98,14610,0.97,4735
16,19592,1.03,14720,1.01,5227
17,21238,1.08,15891,1.08,6451
18,22213,1.05,16677,1.05,6504
19,23382,1.05,17392,1.04,6648
20,25929,1.11,19023,1.09,7971
21,27133,1.05,20103,1.06,7984
22,27902,1.03,21127,1.05,8319
23,29546,1.06,21836,1.03,8151
24,31445,1.06,23088,1.06,9068
25,32213,1.02,23986,1.04,9008
26,33127,1.03,24412,1.02,8927
27,33955,1.02,25365,1.04,9563
28,35510,1.05,26325,1.04,9754
29,36507,1.03,27292,1.04,10217
30,35530,0.97,26785,0.98,9065
31,37067,1.04,27171,1.01,9627
2,37360,0,21471,0.7,0
3,33971,0.91,26169,1.22,13884
4,34154,1.01,25704,0.98,8447
5,34750,1.02,25630,1,8876
6,35735,1.03,26583,1.04,9951
7,36687,1.03,27456,1.03,10016
8,34235,0.93,26709,0.97,8791
9,33037,0.97,25172,0.94,7515
10,29568,0.89,23198,0.92,6682
11,26963,0.91,21285,0.92,5832
12,23074,0.86,18698,0.88,4441
13,20433,0.89,16451,0.88,3934
14,19567,0.96,15418,0.94,4411
15,19315,0.99,14922,0.97,4747
16,20349,1.05,15155,1.02,5503
17,20984,1.03,15782,1.04,6109
18,22929,1.09,17021,1.08,6803
19,24889,1.09,18391,1.08,7531
20,26123,1.05,19536,1.06,7700
21,28249,1.08,20870,1.07,8134
22,29932,1.06,21880,1.05,8358
23,31188,1.04,22831,1.04,8851
24,32953,1.06,24764,1.08,10117
25,34433,1.04,25704,1.04,9499
26,35741,1.04,26611,1.04,10012
27,35484,0.99,26343,0.99,9085
28,37748,1.06,27338,1.04,10159
29,38982,1.03,28999,1.06,11474
30,40378,1.04,30034,1.04,11052
31,42321,1.05,31015,1.03,11528
2,35397,0,21323,0.7,0
3,33482,0.95,25489,1.2,12979
4,35509,1.06,25977,1.02,9426
5,33970,0.96,25761,0.99,8835
6,35861,1.06,26812,1.04,10133
7,37792,1.05,27847,1.04,10436
8,35884,0.95,27199,0.98,9203
9,33833,0.94,26227,0.96,8443
10,30897,0.91,24043,0.92,6631
11,27637,0.89,21717,0.9,5662
12,24022,0.87,19071,0.88,4671
13,22005,0.92,17344,0.91,4606
14,21290,0.97,16338,0.94,4880
15,20931,0.98,16179,0.99,5520
16,21993,1.05,16639,1.03,6028
17,22440,1.02,16837,1.01,5943
18,24399,1.09,18108,1.08,7309
19,25558,1.05,19296,1.07,7497
20,26491,1.04,20016,1.04,7526
21,27667,1.04,20427,1.02,7468
22,28082,1.01,21241,1.04,8065
23,29440,1.05,21959,1.03,8301
24,31340,1.06,23024,1.05,8897
25,33229,1.06,24547,1.07,9732
26,34343,1.03,25748,1.05,9931
27,34127,0.99,25751,1,8959
28,35980,1.05,26654,1.04,9901
29,38285,1.06,28418,1.07,11157
30,38093,0.99,28276,1,9755
31,39590,1.04,29136,1.03,10927
2,36294,0,21385,0.7,0
3,33840,0.93,25838,1.21,13528
4,34314,1.01,25605,0.99,8602
5,34352,1,25960,1.01,9353
6,33939,0.99,25617,0.99,8571
7,35123,1.03,26023,1.02,9298
8,34635,0.99,26546,1.02,9671
9,33816,0.98,25547,0.96,8036
10,31715,0.94,24661,0.97,7922
11,28224,0.89,22257,0.9,5932
12,24558,0.87,19660,0.88,4643
13,22351,0.91,17731,0.9,4526
14,21643,0.97,16877,0.95,5092
15,22093,1.02,16543,0.98,5425
16,22828,1.03,17069,1.03,6371
17,24563,1.08,18368,1.08,7379
18,24741,1.01,18816,1.02,6924
19,26599,1.08,19865,1.06,7705
20,29091,1.09,21267,1.07,8538
21,31803,1.09,23402,1.1,9843
22,32042,1.01,24386,1.04,9273
23,33824,1.06,25312,1.04,9387
24,35034,1.04,26173,1.03,9709
25,37076,1.06,27054,1.03,10086
26,38227,1.03,27895,1.03,10388
27,37632,0.98,28347,1.02,10270
28,38401,1.02,28703,1.01,10211
29,39932,1.04,29145,1.02,10569
30,38978,0.98,29485,1.01,10812
31,40222,1.03,30044,1.02,10574
2,35664,0,21412,0.7,0
3,33016,0.93,25248,1.18,12719
4,34179,1.04,25908,1.03,9426
5,34465,1.01,25660,0.99,8610
6,36942,1.07,27128,1.06,10501
7,37733,1.02,27783,1.02,10241
8,34896,0.92,26963,0.97,8972
9,32492,0.93,25103,0.93,7066
10,29410,0.91,23133,0.92,6280
11,26157,0.89,20677,0.89,5434
12,22651,0.87,18217,0.88,4416
13,20579,0.91,16312,0.9,4110
14,19440,0.94,15334,0.94,4395
15,19275,0.99,14675,0.96,4445
16,19045,0.99,14711,1,5201
17,20777,1.09,15430,1.05,5899
18,22237,1.07,16420,1.06,6574
19,24855,1.12,18209,1.11,7745
20,25383,1.02,19128,1.05,7565
21,27157,1.07,20031,1.05,7763
22,28293,1.04,21073,1.05,8223
23,29337,1.04,21963,1.04,8428
24,31224,1.06,23404,1.07,9226
25,32845,1.05,24601,1.05,9411
26,34247,1.04,25720,1.05,9560
27,34315,1,26149,1.02,9312
28,33814,0.99,26033,1,8754
29,35501,1.05,26067,1,9058
30,36600,1.03,26853,1.03,9999
31,37616,1.03,27578,1.03,10336
2,37563,0,21450,0.7,0
3,34614,0.92,26494,1.24,14297
4,34783,1,26354,0.99,8939
5,35535,1.02,26563,1.01,9353
6,38064,1.07,27821,1.05,10670
7,38769,1.02,28603,1.03,10684
8,37296,0.96,28197,0.99,9540
9,36479,0.98,27861,0.99,9328
10,33652,0.92,26250,0.94,7743
11,31226,0.93,24196,0.92,6691
12,27009,0.86,21649,0.89,5740
13,25204,0.93,19555,0.9,5058
14,24632,0.98,18896,0.97,6066
15,24761,1.01,18840,1,6438
16,25961,1.05,19461,1.03,7143
17,27397,1.06,20461,1.05,7771
18,27823,1.02,20799,1.02,7483
19,29616,1.06,22068,1.06,8531
20,30644,1.03,22928,1.04,8745
21,32787,1.07,24290,1.06,9453
22,33677,1.03,25052,1.03,9266
23,34134,1.01,25710,1.03,9377
24,36321,1.06,27026,1.05,10489
25,37475,1.03,27843,1.03,10261
26,38145,1.02,27791,1,9801
27,38518,1.01,29073,1.05,11247
28,38048,0.99,28907,0.99,9871
29,39385,1.04,28963,1,9929
30,40326,1.02,29747,1.03,10898
31,40700,1.01,30159,1.01,10924
2,35123,0,21455,0.7,0
3,32575,0.93,24815,1.16,12078
4,32989,1.01,24858,1,8457
5,33602,1.02,25126,1.01,8926
6,33855,1.01,25777,1.03,9431
7,35587,1.05,26237,1.02,9388
8,34866,0.98,26095,0.99,9121
9,33219,0.95,25151,0.96,8216
10,30272,0.91,23833,0.95,7220
11,27511,0.91,21546,0.9,5574
12,23653,0.86,18980,0.88,4580
13,21067,0.89,16719,0.88,4080
14,19940,0.95,15516,0.93,4311
15,19647,0.99,15204,0.98,5017
16,19732,1,14984,0.99,5112
17,20147,1.02,15204,1.01,5588
18,20832,1.03,16070,1.06,6231
19,22353,1.07,16696,1.04,6230
20,23592,1.06,17529,1.05,6741
21,25983,1.1,19043,1.09,7795
22,26533,1.02,19920,1.05,7921
23,29107,1.1,21796,1.09,9032
24,29787,1.02,22208,1.02,8071
25,30061,1.01,22562,1.02,8250
26,33078,1.1,23855,1.06,9303
27,33781,1.02,25327,1.06,10148
28,34771,1.03,25997,1.03,9611
29,35862,1.03,26784,1.03,10004
30,35808,1,26454,0.99,9043
31,36577,1.02,27407,1.04,10309
2,37555,0,21209,0.7,0
3,34993,0.93,26696,1.26,14610
4,34184,0.98,25969,0.97,8311
5,35857,1.05,26520,1.02,9591
6,36639,1.02,27337,1.03,10256
7,36563,1,27470,1,9582
8,35659,0.98,27389,1,9422
9,33584,0.94,25721,0.94,7669
10,31486,0.94,24298,0.94,7321
11,27977,0.89,22052,0.91,5997
12,24207,0.87,19610,0.89,4724
13,22234,0.92,17546,0.89,4379
14,21854,0.98,16764,0.96,4964
15,21867,1,16609,0.99,5670
16,21635,0.99,16415,0.99,5660
17,21717,1,16545,1.01,5957
18,22918,1.06,17189,1.04,6329
19,25250,1.1,18764,1.09,7685
20,26443,1.05,19633,1.05,7590
21,27119,1.03,20774,1.06,8066
22,29496,1.09,21437,1.03,7948
23,28997,0.98,22019,1.03,8218
24,31049,1.07,23060,1.05,8716
25,33575,1.08,24650,1.07,9903
26,35367,1.05,26311,1.07,10386
27,36642,1.04,27079,1.03,9950
28,37242,1.02,27457,1.01,9961
29,37234,1,28237,1.03,10367
30,38219,1.03,28280,1,9766
31,38479,1.01,28586,1.01,10153
2,37900,0,21471,0.7,0
3,34033,0.9,26227,1.22,14005
4,34155,1,25643,0.98,8408
5,34683,1.02,26340,1.03,9530
6,34452,0.99,26405,1,9102
7,34890,1.01,26382,1,9167
8,34066,0.98,26033,0.99,8769
9,32715,0.96,24959,0.96,7689
10,30060,0.92,23272,0.93,6799
11,26985,0.9,21252,0.91,5753
12,22974,0.85,18521,0.87,4327
13,20811,0.91,16599,0.9,4045
14,19735,0.95,15268,0.92,4279
15,19971,1.01,15286,1,5269
16,19956,1,15054,0.98,5144
17,19710,0.99,15051,1,5175
18,21273,1.08,15859,1.05,6131
19,23063,1.08,17031,1.07,6843
20,25632,1.11,19216,1.13,8277
21,27542,1.07,20540,1.07,8115
22,29873,1.08,21849,1.06,8682
23,31854,1.07,23336,1.07,9287
24,33387,1.05,24183,1.04,9106
25,34233,1.03,25426,1.05,10025
26,35948,1.05,26821,1.05,10428
27,37855,1.05,27885,1.04,10493
28,37929,1,28029,1.01,9944
29,37617,0.99,28182,1.01,9832
30,39157,1.04,28768,1.02,10451
31,39123,1,28938,1.01,10409
2,38013,0,20745,0.7,0
3,35296,0.93,27085,1.31,15703
4,36390,1.03,27281,1.01,9366
5,37239,1.02,28152,1.03,10413
6,38667,1.04,28131,1,9920
7,39128,1.01,29203,1.04,11044
8,36740,0.94,28249,0.97,9100
9,36117,0.98,27591,0.98,8977
10,32972,0.91,25795,0.93,7479
11,30558,0.93,23541,0.91,6372
12,26731,0.87,21332,0.91,5779
13,24043,0.9,19202,0.9,4822
14,23942,1,18155,0.95,5352
15,24291,1.01,18374,1.01,6548
16,24636,1.01,18778,1.02,6916
17,26180,1.06,19440,1.04,7134
18,28055,1.07,21075,1.08,8617
19,29135,1.04,21705,1.03,7966
20,31026,1.06,23038,1.06,8966
21,33575,1.08,24691,1.07,9828
22,33571,1,24906,1.01,8900
23,35159,1.05,25935,1.04,9818
24,35236,1,26579,1.02,9759
25,36274,1.03,27273,1.03,9987
26,36519,1.01,26833,0.98,8949
27,38738,1.06,28422,1.06,11259
28,38467,0.99,28774,1.01,10467
29,37627,0.98,28567,0.99,9688
30,37894,1.01,28266,0.99,9518
31,38244,1.01,28093,0.99,9444
2,36023,0,21341,0.7,0
3,31855,0.88,24694,1.16,12318
4,33689,1.06,25100,1.02,8797
5,34166,1.01,25677,1.02,9310
6,35553,1.04,26275,1.02,9659
7,35268,0.99,26433,1.01,9291
8,33615,0.95,25848,0.98,8579
9,31893,0.95,24472,0.95,7209
10,28624,0.9,22540,0.92,6305
11,25507,0.89,20189,0.9,5322
12,21187,0.83,17298,0.86,3695
13,18828,0.89,15107,0.87,3428
14,17799,0.95,13819,0.91,3696
15,17502,0.98,13612,0.99,4542
16,17700,1.01,13435,0.99,4486
17,18422,1.04,14006,1.04,5276
18,19659,1.07,14654,1.05,5566
19,21240,1.08,15734,1.07,6173
20,22250,1.05,16782,1.07,6779
21,23919,1.08,17845,1.06,7113
22,25295,1.06,18615,1.04,7026
23,27178,1.07,20123,1.08,8268
24,30030,1.1,22046,1.1,9058
25,32413,1.08,23852,1.08,9754
26,32850,1.01,24553,1.03,9129
27,33130,1.01,24929,1.02,8942
28,33957,1.02,25229,1.01,9064
29,36705,1.08,27040,1.07,10750
30,38321,1.04,28159,1.04,10631
31,39192,1.02,28730,1.02,10463
2,35050,0,21459,0.7,0
3,33128,0.95,25290,1.18,12772
4,33193,1,25007,0.99,8363
5,32360,0.97,24716,0.99,8304
6,32475,1,24434,0.99,8088
7,32457,1,24406,1,8455
8,32308,1,24288,1,8306
9,30094,0.93,23232,0.96,7374
10,28030,0.93,21883,0.94,6519
11,24407,0.87,19598,0.9,5049
12,20447,0.84,16603,0.85,3459
13,17816,0.87,14422,0.87,3203
14,16547,0.93,13129,0.91,3487
15,16010,0.97,12402,0.94,3697
16,16376,1.02,12523,1.01,4519
17,17085,1.04,12975,1.04,4882
18,18175,1.06,13832,1.07,5454
19,19779,1.09,14714,1.06,5765
20,21481,1.09,15858,1.08,6388
21,23208,1.08,17493,1.1,7290
22,26053,1.12,19048,1.09,7835
23,27510,1.06,20513,1.08,8334
24,28963,1.05,21300,1.04,8076
25,31075,1.07,22745,1.07,9155
26,32241,1.04,23616,1.04,9118
27,32866,1.02,24438,1.03,9341
28,35157,1.07,25794,1.06,10166
29,35416,1.01,26571,1.03,10032
30,35744,1.01,26805,1.01,9496
31,36636,1.02,27502,1.03,9991
2,35588,0,21297,0.7,0
3,33865,0.95,25535,1.2,13281
4,34963,1.03,26029,1.02,9345
5,34276,0.98,25766,0.99,8813
6,34992,1.02,25997,1.01,9086
7,35266,1.01,26694,1.03,9772
8,34596,0.98,25933,0.97,8354
9,31852,0.92,24879,0.96,7747
10,29168,0.92,22659,0.91,6103
11,26063,0.89,20630,0.91,5643
12,22899,0.88,18167,0.88,4444
13,19833,0.87,15917,0.88,3716
14,18660,0.94,14622,0.92,3996
15,17637,0.95,13800,0.94,4129
16,18631,1.06,14247,1.03,5124
17,18899,1.01,14504,1.02,5198
18,20801,1.1,15287,1.05,5831
19,22035,1.06,16500,1.08,6725
20,24862,1.13,18499,1.12,7814
21,27065,1.09,19993,1.08,8088
22,29424,1.09,21374,1.07,8679
23,29660,1.01,22580,1.06,8900
24,30367,1.02,22609,1,7772
25,32951,1.09,24297,1.07,9725
26,34004,1.03,25598,1.05,9832
27,34249,1.01,25774,1.01,8954
28,34788,1.02,26263,1.02,9571
29,35949,1.03,26814,1.02,9683
30,35558,0.99,26689,1,9230
31,36198,1.02,27140,1.02,9745
2,34805,0,20782,0.7,0
3,33292,0.96,25119,1.21,13149
4,33179,1,24790,0.99,8414
5,32777,0.99,24561,0.99,8308
6,33713,1.03,25002,1.02,9272
7,34586,1.03,25311,1.01,9171
8,34183,0.99,25804,1.02,9605
9,32056,0.94,24920,0.97,7919
10,28442,0.89,22334,0.9,5767
11,26153,0.92,20501,0.92,5485
12,22125,0.85,17840,0.87,4173
13,19932,0.9,15858,0.89,3859
14,19292,0.97,15170,0.96,4683
15,19254,1,14855,0.98,4835
16,19837,1.03,15156,1.02,5335
17,20959,1.06,15524,1.02,5761
18,22612,1.08,17066,1.1,7212
19,23613,1.04,17827,1.04,6816
20,25174,1.07,18728,1.05,7190
21,26852,1.07,19964,1.07,7856
22,28956,1.08,21325,1.07,8558
23,29952,1.03,22131,1.04,8461
24,30061,1,22638,1.02,8343
25,31653,1.05,23842,1.05,8989
26,32735,1.03,24539,1.03,8971
27,34279,1.05,25431,1.04,9613
28,35083,1.02,25736,1.01,9218
29,35479,1.01,26356,1.02,9789
30,36475,1.03,27049,1.03,9942
31,37642,1.03,27496,1.02,9956
2,37322,0,21316,0.7,0
3,35386,0.95,26768,1.26,14916
4,35027,0.99,26502,0.99,8912
5,36915,1.05,27024,1.02,9670
6,37459,1.01,27714,1.03,10386
7,38559,1.03,29016,1.05,10989
8,37085,0.96,28263,0.97,9134
9,35339,0.95,26640,0.94,8072
10,33235,0.94,25445,0.96,7886
11,30378,0.91,23482,0.92,6599
12,26831,0.88,21107,0.9,5532
13,24549,0.91,19401,0.92,5411
14,24033,0.98,18208,0.94,5386
15,24147,1,18478,1.01,6640
16,24319,1.01,18424,1,6305
17,26213,1.08,19275,1.05,7427
18,26616,1.02,19926,1.03,7555
19,28153,1.06,20922,1.05,8025
20,30104,1.07,22145,1.06,8724
21,31191,1.04,23136,1.04,8767
22,32952,1.06,24488,1.06,9553
23,32958,1,24890,1.02,9057
24,34689,1.05,25744,1.03,9466
25,35172,1.01,26771,1.04,10030
26,36138,1.03,27115,1.01,9613
27,37550,1.04,27724,1.02,10106
28,38103,1.01,28526,1.03,10488
29,37540,0.99,28488,1,9923
30,38660,1.03,28758,1.01,10209
31,38302,0.99,28529,0.99,9948
2,37613,0,21155,0.7,0
3,34890,0.93,26568,1.26,14721
4,33925,0.97,25928,0.98,8429
5,34207,1.01,25534,0.98,8629
6,35518,1.04,26063,1.02,9404
7,36460,1.03,27081,1.04,10253
8,36065,0.99,27035,1,9456
9,33608,0.93,25763,0.95,7920
10,31451,0.94,24366,0.95,7444
11,28264,0.9,22227,0.91,6038
12,24761,0.88,19707,0.89,4912
13,22254,0.9,17476,0.89,4347
14,22232,1,16830,0.96,5281
15,21624,0.97,16773,1,5790
16,21868,1.01,16608,0.99,5512
17,23529,1.08,17553,1.06,6895
18,24742,1.05,18723,1.07,7438
19,25938,1.05,19386,1.04,7232
20,26493,1.02,19872,1.03,7436
21,28794,1.09,20902,1.05,8060
22,29910,1.04,22250,1.06,8855
23,32157,1.08,23980,1.08,9686
24,32263,1,24127,1.01,8590
25,33970,1.05,25356,1.05,9780
26,35462,1.04,26625,1.05,10145
27,35756,1.01,26402,0.99,9114
28,37640,1.05,27580,1.04,10572
29,38859,1.03,29162,1.06,11379
30,37665,0.97,28135,0.96,8865
31,38916,1.03,28431,1.01,10186
2,35065,0,21162,0.7,0
3,31934,0.91,24451,1.16,12125
4,34110,1.07,24883,1.02,8779
5,33832,0.99,25393,1.02,9424
6,33771,1,25389,1,9021
7,34013,1.01,25526,1.01,8986
8,34169,1,25589,1,8958
9,32582,0.95,25036,0.98,8247
10,30632,0.94,23705,0.95,6992
11,26728,0.87,21310,0.9,5612
12,22969,0.86,18706,0.88,4327
13,21179,0.92,16746,0.9,4082
14,19801,0.93,15501,0.93,4393
15,20569,1.04,15542,1,5334
16,21527,1.05,16248,1.05,6243
17,21906,1.02,16686,1.03,6067
18,23119,1.06,17461,1.05,6542
19,25307,1.09,18684,1.07,7298
20,26092,1.03,19788,1.06,7651
21,28090,1.08,20914,1.06,8058
22,30254,1.08,22065,1.06,8480
23,30770,1.02,22983,1.04,8705
24,31662,1.03,23791,1.04,8858
25,32737,1.03,24348,1.02,8807
26,35207,1.08,25827,1.06,10190
27,37946,1.08,27927,1.08,11393
28,38968,1.03,29233,1.05,10962
29,39151,1,29177,1,10015
30,38510,0.98,28684,0.98,9685
31,39750,1.03,29456,1.03,10862
2,36824,0,21296,0.7,0
3,34816,0.95,26113,1.23,13919
4,34261,0.98,26102,1,9141
5,35192,1.03,26000,1,8958
6,34857,0.99,26344,1.01,9435
7,36416,1.04,27204,1.03,9958
8,36435,1,27259,1,9543
9,33221,0.91,25883,0.95,8016
10,31328,0.94,23852,0.92,6611
11,28561,0.91,22411,0.94,6669
12,25084,0.88,20067,0.9,5007
13,22872,0.91,17986,0.9,4531
14,21846,0.96,17168,0.95,5180
15,21532,0.99,16413,0.96,5040
16,21081,0.98,16364,1,5691
17,22414,1.06,16758,1.02,6028
18,24307,1.08,18055,1.08,7182
19,24924,1.03,19170,1.06,7502
20,27178,1.09,20259,1.06,7638
21,29058,1.07,21197,1.05,8012
22,30490,1.05,22500,1.06,9081
23,30619,1,23297,1.04,8878
24,31753,1.04,23561,1.01,8341
25,31819,1,24120,1.02,8883
26,32844,1.03,24089,1,8301
27,33752,1.03,24949,1.04,9397
28,34395,1.02,25599,1.03,9428
29,34748,1.01,25907,1.01,9144
30,35699,1.03,26677,1.03,9982
31,37014,1.04,27234,1.02,9862
2,37803,0,21224,0.7,0
3,35981,0.95,27305,1.29,15234
4,37203,1.03,27805,1.02,10018
5,37572,1.01,28142,1.01,9971
6,38678,1.03,28767,1.02,10530
7,40251,1.04,29508,1.03,10817
8,37921,0.94,28647,0.97,9349
9,35411,0.93,27321,0.95,8491
10,31510,0.89,24642,0.9,6579
11,28002,0.89,22114,0.9,5669
12,24657,0.88,19735,0.89,4993
13,22431,0.91,17737,0.9,4551
14,21217,0.95,16637,0.94,4816
15,21145,1,16045,0.96,4988
16,22678,1.07,17040,1.06,6546
17,24365,1.07,18249,1.07,7236
18,26156,1.07,19229,1.05,7365
19,27296,1.04,20141,1.05,7761
20,28451,1.04,21178,1.05,8255
21,29567,1.04,22022,1.04,8221
22,30836,1.04,23177,1.05,8838
23,32037,1.04,24283,1.05,9208
24,32980,1.03,24773,1.02,8941
25,34919,1.06,25838,1.04,9807
26,35334,1.01,26312,1.02,9401
27,35354,1,26663,1.01,9554
28,37836,1.07,27751,1.04,10573
29,38067,1.01,28069,1.01,10081
30,38858,1.02,29249,1.04,11146
31,38528,0.99,28901,0.99,9729
2,33865,0,21534,0.7,0
3,32948,0.97,24890,1.16,11855
4,32774,0.99,24794,1,8528
5,32270,0.98,24222,0.98,7842
6,33310,1.03,24808,1.02,9125
7,33704,1.01,25180,1.01,9170
8,32564,0.97,24982,0.99,8577
9,30993,0.95,23768,0.95,7390
10,28661,0.92,22223,0.93,6459
11,25880,0.9,20435,0.92,5581
12,22346,0.86,18081,0.88,4378
13,20197,0.9,15928,0.88,3712
14,19455,0.96,15033,0.94,4442
15,18988,0.98,14574,0.97,4747
16,20080,1.06,15063,1.03,5447
17,20976,1.04,15624,1.04,5912
18,21941,1.05,16705,1.07,6592
19,23300,1.06,17460,1.05,6623
20,25299,1.09,18750,1.07,7455
21,27366,1.08,20311,1.08,8391
22,28530,1.04,21383,1.05,8297
23,30860,1.08,23339,1.09,9412
24,32880,1.07,24137,1.03,8897
25,34853,1.06,25833,1.07,10330
26,35154,1.01,26548,1.03,9901
27,37285,1.06,27477,1.03,10175
28,39932,1.07,28879,1.05,10984
29,40554,1.02,30243,1.05,11672
30,40086,0.99,29773,0.98,10116
31,40580,1.01,30203,1.01,10938
2,36659,0,21353,0.7,0
3,33938,0.93,26180,1.23,14030
4,34069,1,25958,0.99,8736
5,34264,1.01,25478,0.98,8491
6,32774,0.96,25278,0.99,8683
7,34392,1.05,25461,1.01,8942
8,34156,0.99,25731,1.01,9299
9,31834,0.93,24698,0.96,7774
10,29615,0.93,22863,0.93,6541
11,25943,0.88,20785,0.91,5693
12,22277,0.86,17889,0.86,3933
13,20038,0.9,15955,0.89,3941
14,19394,0.97,14948,0.94,4359
15,18944,0.98,14713,0.98,4903
16,20278,1.07,15047,1.02,5457
17,21211,1.05,15981,1.06,6289
18,22559,1.06,16724,1.05,6397
19,23862,1.06,17877,1.07,7198
20,24995,1.05,18955,1.06,7336
21,27691,1.11,20394,1.08,8158
22,28670,1.04,21502,1.05,8389
23,30398,1.06,22341,1.04,8420
24,31344,1.03,23153,1.04,8886
25,32503,1.04,24130,1.04,9177
26,34123,1.05,25398,1.05,9805
27,35092,1.03,26260,1.03,9862
28,37120,1.06,27204,1.04,10212
29,38280,1.03,28284,1.04,10734
30,37090,0.97,28008,0.99,9569
31,38914,1.05,28736,1.03,10536
2,37105,0,21578,0.7,0
3,35017,0.94,26474,1.23,14087
4,35292,1.01,26575,1,9121
5,35453,1,26431,0.99,9053
6,35867,1.01,26822,1.01,9712
7,37351,1.04,27739,1.03,10355
8,35765,0.96,27052,0.98,8981
9,33543,0.94,25743,0.95,7892
10,31013,0.92,24201,0.94,7184
11,27838,0.9,21978,0.91,5692
12,24202,0.87,19324,0.88,4561
13,22117,0.91,17358,0.9,4340
14,21287,0.96,16543,0.95,5037
15,21216,1,16333,0.99,5568
16,21615,1.02,16371,1,5638
17,21716,1,16527,1.01,6032
18,22810,1.05,17095,1.03,6157
19,24055,1.05,18262,1.07,7266
20,25535,1.06,19084,1.05,7224
21,26952,1.06,19895,1.04,7640
22,28432,1.05,21525,1.08,8731
23,29983,1.05,21817,1.01,7945
24,30748,1.03,23255,1.07,9340
25,33076,1.08,24348,1.05,9351
26,34738,1.05,25739,1.06,9964
27,34993,1.01,26414,1.03,9690
28,37311,1.07,27354,1.04,10297
29,37705,1.01,28019,1.02,10380
30,38334,1.02,28245,1.01,10090
31,38752,1.01,28950,1.02,10702
2,36957,0,21641,0.7,0
3,34643,0.94,26439,1.22,13971
4,35177,1.02,26479,1,9278
5,36319,1.03,27215,1.03,9841
6,35227,0.97,26802,0.98,8878
7,36413,1.03,27347,1.02,9774
8,36017,0.99,27079,0.99,9311
9,32797,0.91,25848,0.95,8010
10,30477,0.93,23770,0.92,6484
11,28077,0.92,21853,0.92,5987
12,24176,0.86,19439,0.89,4913
13,21571,0.89,17322,0.89,4283
14,20669,0.96,16015,0.92,4473
15,20277,0.98,15638,0.98,5109
16,21046,1.04,15992,1.02,5713
17,22365,1.06,16739,1.05,6281
18,23560,1.05,17574,1.05,6851
19,25859,1.1,19077,1.09,7879
20,26890,1.04,19886,1.04,7710
21,28294,1.05,20881,1.05,8190
22,30006,1.06,22051,1.06,8705
23,31621,1.05,23154,1.05,9012
24,32271,1.02,24136,1.04,9246
25,33103,1.03,24676,1.02,9170
26,34485,1.04,25589,1.04,9580
27,35145,1.02,26405,1.03,9750
28,36164,1.03,27030,1.02,9903
29,35707,0.99,26771,0.99,9069
30,36678,1.03,27137,1.01,9768
31,38164,1.04,28520,1.05,10793
2,36971,0,21741,0.7,0
3,35140,0.95,26462,1.22,14074
4,35240,1,26443,1,9238
5,36627,1.04,26941,1.02,9892
6,36610,1,27341,1.01,9868
7,38066,1.04,27713,1.01,9816
8,37498,0.99,28455,1.03,10307
9,34507,0.92,26424,0.93,7647
10,32201,0.93,25057,0.95,7503
11,29654,0.92,23068,0.92,6312
12,26176,0.88,20834,0.9,5461
13,23471,0.9,18858,0.91,4869
14,22411,0.95,17456,0.93,4795
15,22511,1,17249,0.99,5652
16,23665,1.05,17890,1.04,6632
17,24584,1.04,18303,1.02,6664
18,25226,1.03,18837,1.03,7162
19,26782,1.06,20175,1.07,8101
20,28531,1.07,21046,1.04,7989
21,30237,1.06,22342,1.06,8793
22,31856,1.05,23747,1.06,9387
23,34115,1.07,24777,1.04,9532
24,35442,1.04,26545,1.07,10776
25,36307,1.02,26821,1.01,9519
26,36655,1.01,27705,1.03,10375
27,38920,1.06,28564,1.03,10509
28,40126,1.03,29594,1.04,11085
29,40488,1.01,29716,1,10369
30,41228,1.02,31073,1.05,11718
31,42000,1.02,30753,0.99,10371
2,35362,0,21273,0.7,0
3,34241,0.97,26146,1.23,13831
4,35693,1.04,26933,1.03,9771
5,36078,1.01,26915,1,9425
6,35786,0.99,26958,1,9427
7,36329,1.02,27233,1.01,9650
8,36223,1,27579,1.01,9786
9,33422,0.92,25875,0.94,7544
10,30659,0.92,24124,0.93,6926
11,27097,0.88,21296,0.88,5235
12,23784,0.88,18742,0.88,4534
13,21083,0.89,16695,0.89,4324
14,20889,0.99,15939,0.95,4886
15,20606,0.99,15756,0.99,5360
16,21041,1.02,15872,1.01,5607
17,22046,1.05,16878,1.06,6654
18,23951,1.09,17828,1.06,6912
19,24628,1.03,18652,1.05,7179
20,25302,1.03,19283,1.03,7207
21,27851,1.1,20774,1.08,8229
22,30009,1.08,22112,1.06,8580
23,31230,1.04,23516,1.06,9170
24,31236,1,23697,1.01,8274
25,31854,1.02,23996,1.01,8349
26,34682,1.09,24904,1.04,9482
27,34662,1,25625,1.03,9635
28,34557,1,25977,1.01,9399
29,34900,1.01,25899,1,8917
30,36536,1.05,27259,1.05,10544
31,38879,1.06,28541,1.05,10773
2,33819,0,21049,0.7,0
3,33519,0.99,25055,1.19,12728
4,34420,1.03,25363,1.01,9046
5,35807,1.04,26403,1.04,10002
6,36961,1.03,27902,1.06,10725
7,38085,1.03,27952,1,9588
8,36836,0.97,28025,1,9787
9,35412,0.96,27029,0.96,8640
10,31866,0.9,25109,0.93,7192
11,28512,0.89,22659,0.9,5696
12,24438,0.86,19688,0.87,4322
13,22516,0.92,17735,0.9,4683
14,21230,0.94,16435,0.93,4661
15,21645,1.02,16470,1,5731
16,22299,1.03,16728,1.02,6026
17,23465,1.05,17776,1.06,6938
18,25257,1.08,18803,1.06,7272
19,25526,1.01,19429,1.03,7246
20,28341,1.11,21011,1.08,8365
21,30359,1.07,22419,1.07,8888
22,32438,1.07,24075,1.07,9612
23,34115,1.05,25742,1.07,10088
24,36175,1.06,26746,1.04,9988
25,36578,1.01,27329,1.02,10046
26,36974,1.01,27682,1.01,9860
27,37586,1.02,27911,1.01,9921
28,37740,1,28500,1.02,10464
29,36534,0.97,27769,0.97,9256
30,38856,1.06,28185,1.01,9888
31,38934,1,29173,1.04,10924
2,35861,0,21282,0.7,0
3,33716,0.94,25612,1.2,13331
4,33996,1.01,25451,0.99,8664
5,33408,0.98,25431,1,8847
6,33182,0.99,24944,0.98,8185
7,35529,1.07,26331,1.06,10109
8,34466,0.97,26253,1,9061
9,32926,0.96,25024,0.95,7679
10,30624,0.93,23552,0.94,6986
11,27371,0.89,21713,0.92,6006
12,24460,0.89,19370,0.89,4793
13,22442,0.92,17556,0.91,4554
14,22195,0.99,16836,0.96,5302
15,21483,0.97,16508,0.98,5441
16,22334,1.04,16829,1.02,6093
17,22123,0.99,16957,1.01,5900
18,23559,1.06,17401,1.03,6320
19,25140,1.07,18840,1.08,7869
20,27173,1.08,19939,1.06,7764
21,27804,1.02,20991,1.05,8041
22,28143,1.01,21388,1.02,7699
23,29896,1.06,22964,1.07,9028
24,32383,1.08,23532,1.02,8428
25,32708,1.01,24658,1.05,9547
26,34218,1.05,25184,1.02,9337
27,36019,1.05,26582,1.06,10295
28,37038,1.03,27383,1.03,10203
29,37097,1,27624,1.01,9822
30,37984,1.02,28024,1.01,10064
31,38871,1.02,28554,1.02,10413
2,36605,0,21106,0.7,0
3,34351,0.94,26212,1.24,14309
4,35670,1.04,26412,1.01,9262
5,35403,0.99,26391,1,9215
6,34977,0.99,26276,1,9081
7,34150,0.98,25874,0.98,8638
8,34628,1.01,25781,1,8874
9,33274,0.96,25817,1,8757
10,31208,0.94,24144,0.94,7092
11,27321,0.88,21599,0.89,5658
12,23734,0.87,19127,0.89,4638
13,21542,0.91,16927,0.88,4188
14,20291,0.94,15777,0.93,4465
15,20613,1.02,15882,1.01,5617
16,20399,0.99,15481,0.97,5052
17,21094,1.03,16076,1.04,6056
18,22518,1.07,16952,1.05,6517
19,23881,1.06,17974,1.06,7122
20,25249,1.06,18878,1.05,7195
21,27951,1.11,20531,1.09,8391
22,30342,1.09,22022,1.07,8806
23,32171,1.06,23799,1.08,9753
24,33058,1.03,24979,1.05,9777
25,33533,1.01,25792,1.03,9350
26,34120,1.02,25990,1.01,9038
27,34796,1.02,26225,1.01,9268
28,37600,1.08,27686,1.06,10458
29,38808,1.03,28537,1.03,10470
30,36908,0.95,28523,1,9868
31,39868,1.08,28869,1.01,10234
2,36077,0,21340,0.7,0
3,35391,0.98,26469,1.24,14218
4,34688,0.98,26005,0.98,8740
5,35708,1.03,26810,1.03,9850
6,34723,0.97,26613,0.99,9031
7,34587,1,26199,0.98,8690
8,33211,0.96,25637,0.98,8405
9,30599,0.92,23965,0.93,7008
10,28407,0.93,22463,0.94,6593
11,25307,0.89,20180,0.9,5192
12,21772,0.86,17357,0.86,3659
13,19154,0.88,15500,0.89,3834
14,18187,0.95,14112,0.91,3680
15,17966,0.99,13862,0.98,4657
16,17926,1,13431,0.97,4384
17,18088,1.01,13750,1.02,5070
18,19334,1.07,14452,1.05,5474
19,21421,1.11,15764,1.09,6516
20,23620,1.1,17271,1.1,7341
21,25105,1.06,18384,1.06,7447
22,27822,1.11,20265,1.1,8427
23,28272,1.02,21308,1.05,8374
24,30455,1.08,22449,1.05,8603
25,30993,1.02,23352,1.04,8857
26,32554,1.05,24260,1.04,8971
27,34065,1.05,25172,1.04,9497
28,35915,1.05,26428,1.05,10163
29,36780,1.02,27312,1.03,10245
30,38190,1.04,28274,1.04,10586
31,40503,1.06,29468,1.04,11043
2,36697,0,21411,0.7,0
3,35036,0.95,26701,1.25,14404
4,36800,1.05,27341,1.02,9860
5,37376,1.02,27691,1.01,9952
6,38030,1.02,28570,1.03,10567
7,37121,0.98,28026,0.98,9316
8,38227,1.03,28329,1.01,9960
9,34824,0.91,26509,0.94,7960
10,31770,0.91,24550,0.93,7055
11,29083,0.92,22622,0.92,6394
12,24704,0.85,19958,0.88,4950
13,22253,0.9,17706,0.89,4211
14,20946,0.94,16404,0.93,4771
15,20266,0.97,15753,0.96,4959
16,19929,0.98,15375,0.98,5005
17,21005,1.05,15495,1.01,5397
18,23092,1.1,16811,1.08,6892
19,24305,1.05,17898,1.06,7144
20,25259,1.04,18876,1.05,7332
21,27562,1.09,20230,1.07,8095
22,29369,1.07,21737,1.07,8690
23,30495,1.04,22552,1.04,8514
24,32169,1.05,24013,1.06,9477
25,33868,1.05,24826,1.03,9478
26,35262,1.04,26149,1.05,10124
27,35801,1.02,26368,1.01,9426
28,35944,1,27280,1.03,10256
29,36698,1.02,27580,1.01,9869
30,37197,1.01,27932,1.01,9898
31,38104,1.02,28369,1.02,10177
2,34904,0,21475,0.71,0
3,32306,0.93,24853,1.16,12161
4,33922,1.05,25617,1.03,9377
5,34208,1.01,25685,1,8912
6,34830,1.02,26502,1.03,9927
7,35278,1.01,26158,0.99,8784
8,34240,0.97,26221,1,9084
9,32273,0.94,24528,0.94,7287
10,29365,0.91,23049,0.94,6968
11,26535,0.9,20827,0.9,5500
12,22865,0.86,18427,0.88,4502
13,20835,0.91,16378,0.89,3970
14,20383,0.98,15727,0.96,4850
15,19912,0.98,15437,0.98,5136
16,19799,0.99,15185,0.98,5187
17,20948,1.06,15687,1.03,5925
18,22157,1.06,16736,1.07,6726
19,23369,1.05,17543,1.05,6638
20,26314,1.13,19363,1.1,8037
21,27205,1.03,20266,1.05,7801
22,27350,1.01,20997,1.04,7803
23,29789,1.09,22142,1.05,8492
24,32311,1.08,23735,1.07,9475
25,32510,1.01,24524,1.03,9116
26,34766,1.07,25882,1.06,10009
27,36728,1.06,27140,1.05,10282
28,39057,1.06,28570,1.05,11127
29,39582,1.01,29174,1.02,10763
30,36871,0.93,28176,0.97,9067
31,37736,1.02,28064,1,9592
2,35866,0,20989,0.7,0
3,34239,0.95,26039,1.24,14077
4,35750,1.04,26467,1.02,9391
5,36570,1.02,27234,1.03,9980
6,36050,0.99,27130,1,9478
7,37250,1.03,27771,1.02,10123
8,35269,0.95,26833,0.97,8773
9,33638,0.95,25763,0.96,8104
10,30740,0.91,24116,0.94,7145
11,26821,0.87,21472,0.89,5414
12,22913,0.85,18499,0.86,4010
13,20662,0.9,16576,0.9,3942
14,19293,0.93,15170,0.92,4055
15,18700,0.97,14268,0.94,3855
16,18402,0.98,13915,0.98,4574
17,20027,1.09,14873,1.07,5816
18,21975,1.1,15990,1.08,6440
19,23283,1.06,17564,1.1,7397
20,26441,1.14,19284,1.1,7904
21,27142,1.03,20157,1.05,7710
22,27766,1.02,20871,1.04,7775
23,29852,1.08,22069,1.06,8483
24,32232,1.08,23974,1.09,9700
25,33578,1.04,24870,1.04,9310
26,35914,1.07,26046,1.05,10076
27,35791,1,26678,1.02,9887
28,36621,1.02,26794,1,9524
29,38422,1.05,28275,1.06,10927
30,37555,0.98,28494,1.01,10014
31,35975,0.96,27781,0.97,9146
2,37703,0,21744,0.7,0
3,34550,0.92,26621,1.22,14125
4,34197,0.99,26081,0.98,8570
5,35686,1.04,26463,1.01,9548
6,36284,1.02,27218,1.03,10055
7,38067,1.05,28431,1.04,10467
8,37616,0.99,28175,0.99,9682
9,33946,0.9,26430,0.94,7847
10,30992,0.91,24171,0.91,6530
11,27574,0.89,21608,0.89,5725
12,24429,0.89,19451,0.9,4913
13,21563,0.88,17269,0.89,4202
14,21174,0.98,16419,0.95,4920
15,20746,0.98,15970,0.97,5151
16,21169,1.02,16181,1.01,5800
17,21758,1.03,16385,1.01,5801
18,21703,1,16521,1.01,5946
19,22972,1.06,17459,1.06,6710
20,25000,1.09,18534,1.06,7243
21,27585,1.1,19756,1.07,7985
22,29136,1.06,21950,1.11,9492
23,32018,1.1,23589,1.07,9268
24,34277,1.07,25294,1.07,10183
25,35931,1.05,26251,1.04,9914
26,35841,1,26645,1.02,9739
27,36940,1.03,27098,1.02,9797
28,36235,0.98,27563,1.02,9964
29,36412,1,27490,1,9521
30,37208,1.02,27759,1.01,9710
31,38551,1.04,28579,1.03,10701
2,35743,0,20954,0.7,0
3,33997,0.95,25905,1.24,13960
4,33987,1,25254,0.97,8223
5,35261,1.04,25929,1.03,9615
6,37044,1.05,27116,1.05,10443
7,38340,1.03,28330,1.04,10828
8,36143,0.94,27756,0.98,9259
9,33578,0.93,25938,0.93,7581
10,31650,0.94,24404,0.94,7204
11,28909,0.91,22473,0.92,6244
12,25223,0.87,20164,0.9,5191
13,23513,0.93,18494,0.92,5031
14,22420,0.95,17202,0.93,5007
15,21635,0.96,17034,0.99,5806
16,22368,1.03,17165,1.01,5987
17,23414,1.05,17381,1.01,6208
18,24212,1.03,18026,1.04,6886
19,27128,1.12,19941,1.11,8326
20,29092,1.07,21872,1.1,9163
21,29612,1.02,22332,1.02,8215
22,31349,1.06,23130,1.04,8543
23,32590,1.04,24283,1.05,9315
24,34626,1.06,25487,1.05,9787
25,34549,1,25900,1.02,9505
26,34887,1.01,26395,1.02,9578
27,34671,0.99,26177,0.99,8912
28,34762,1,26372,1.01,9268
29,35709,1.03,26648,1.01,9481
30,36443,1.02,27464,1.03,10216
31,34973,0.96,26420,0.96,8335
2,35899,0,21505,0.7,0
3,35075,0.98,26269,1.22,13844
4,34444,0.98,25893,0.99,8839
5,34641,1.01,25674,0.99,8774
6,35245,1.02,26484,1.03,9822
7,35729,1.01,26508,1,9202
8,34220,0.96,25976,0.98,8765
9,32274,0.94,24651,0.95,7547
10,29130,0.9,22818,0.93,6586
11,26319,0.9,20692,0.91,5442
12,22603,0.86,18226,0.88,4309
13,20162,0.89,16126,0.88,3902
14,18981,0.94,14969,0.93,4101
15,19537,1.03,15079,1.01,5181
16,20121,1.03,15258,1.01,5431
17,20967,1.04,15958,1.05,6018
18,22269,1.06,16636,1.04,6346
19,24018,1.08,18000,1.08,7333
20,24963,1.04,18536,1.03,6864
21,26758,1.07,19714,1.06,7886
22,27375,1.02,20662,1.05,8066
23,28501,1.04,20834,1.01,7410
24,31506,1.11,23158,1.11,9803
25,32219,1.02,24031,1.04,9018
26,33659,1.04,24875,1.04,9329
27,35295,1.05,26602,1.07,10539
28,37164,1.05,27294,1.03,9943
29,36143,0.97,27193,1,9428
30,35673,0.99,27001,0.99,9340
31,37078,1.04,27599,1.02,10147
2,36180,0,21706,0.7,0
3,34106,0.94,25894,1.19,13264
4,34682,1.02,25631,0.99,8710
5,33541,0.97,25703,1,9219
6,34323,1.02,25323,0.99,8416
7,34520,1.01,26087,1.03,9750
8,33382,0.97,25538,0.98,8405
9,31934,0.96,24556,0.96,7668
10,29625,0.93,23078,0.94,6871
11,26457,0.89,20880,0.9,5511
12,22623,0.86,18085,0.87,4244
13,20334,0.9,16117,0.89,3938
14,19386,0.95,15070,0.94,4359
15,19157,0.99,14737,0.98,4848
16,19950,1.04,15231,1.03,5622
17,20851,1.05,15725,1.03,5847
18,22085,1.06,16295,1.04,6145
19,23757,1.08,17498,1.07,7056
20,24993,1.05,18902,1.08,7695
21,27251,1.09,20323,1.08,8032
22,28594,1.05,21344,1.05,8193
23,30148,1.05,22169,1.04,8382
24,30813,1.02,23384,1.05,9164
25,31620,1.03,23853,1.02,8592
26,33989,1.07,25083,1.05,9571
27,35599,1.05,25800,1.03,9611
28,35790,1.01,27052,1.05,10467
29,37024,1.03,27444,1.01,9957
30,39069,1.06,28770,1.05,11007
31,39157,1,29044,1.01,10506
2,38015,0,21039,0.7,0
3,35452,0.93,26968,1.28,15311
4,35861,1.01,27010,1,9313
5,36206,1.01,27299,1.01,9625
6,36379,1,27690,1.01,9959
7,37207,1.02,27564,1,9451
8,37002,0.99,27662,1,9532
9,33996,0.92,26112,0.94,7885
10,30540,0.9,24137,0.92,6871
11,27505,0.9,21645,0.9,5587
12,24791,0.9,19603,0.91,5111
13,22742,0.92,17856,0.91,4745
14,22115,0.97,16822,0.94,5008
15,22958,1.04,17154,1.02,6301
16,23612,1.03,17670,1.03,6556
17,24667,1.04,18567,1.05,7228
18,27480,1.11,20252,1.09,8203
19,28344,1.03,21277,1.05,8177
20,30032,1.06,22193,1.04,8375
21,31170,1.04,23149,1.04,8937
22,31978,1.03,24267,1.05,9206
23,32523,1.02,24613,1.01,8736
24,33921,1.04,25139,1.02,9150
25,33945,1,25674,1.02,9322
26,35974,1.06,26707,1.04,9895
27,35812,1,26990,1.01,9686
28,35651,1,26617,0.99,9107
29,36364,1.02,27025,1.02,9592
30,37404,1.03,27563,1.02,10024
31,38530,1.03,28549,1.04,10601
2,35386,0,20885,0.7,0
3,32206,0.91,24838,1.19,12828
4,31911,0.99,24392,0.98,8119
5,32273,1.01,24096,0.99,7897
6,32151,1,24355,1.01,8613
7,32337,1.01,23966,0.98,8071
8,31670,0.98,24143,1.01,8546
9,30187,0.95,23113,0.96,7130
10,28488,0.94,21999,0.95,6720
11,25065,0.88,20035,0.91,5490
12,21430,0.85,17387,0.87,3875
13,18566,0.87,14996,0.86,3201
14,17212,0.93,13521,0.9,3530
15,16824,0.98,12793,0.95,3891
16,17010,1.01,12926,1.01,4630
17,18108,1.06,13729,1.06,5438
18,20202,1.12,14821,1.08,5995
19,21960,1.09,16361,1.1,6847
20,24284,1.11,18059,1.1,7551
21,26888,1.11,19646,1.09,7958
22,28975,1.08,21275,1.08,8704
23,30806,1.06,23059,1.08,9430
24,31111,1.01,23472,1.02,8458
25,33052,1.06,24405,1.04,9084
26,33111,1,25029,1.03,9285
27,32693,0.99,24561,0.98,8235
28,34881,1.07,25960,1.06,9915
29,36107,1.04,26795,1.03,9934
30,37309,1.03,28099,1.05,10797
31,38057,1.02,27988,1,9608
2,36608,0,21364,0.7,0
3,34645,0.95,26434,1.24,14244
4,35198,1.02,26127,0.99,8835
5,36541,1.04,27121,1.04,10159
6,37183,1.02,27659,1.02,10138
7,37642,1.01,27729,1,9858
8,36711,0.98,27715,1,9730
9,35362,0.96,26992,0.97,8747
10,31549,0.89,24917,0.92,6931
11,28485,0.9,22538,0.9,5903
12,25046,0.88,19978,0.89,4878
13,22144,0.88,17560,0.88,4181
14,21377,0.97,16833,0.96,5102
15,21137,0.99,16486,0.98,5335
16,22409,1.06,16906,1.03,6071
17,24702,1.1,18420,1.09,7492
18,25513,1.03,19370,1.05,7505
19,26911,1.05,20043,1.03,7448
20,28287,1.05,21176,1.06,8158
21,28190,1,21178,1,7469
22,30023,1.07,22180,1.05,8453
23,31961,1.06,23581,1.06,9323
24,33606,1.05,25113,1.06,9840
25,34320,1.02,25718,1.02,9491
26,36232,1.06,26861,1.04,10135
27,37373,1.03,27572,1.03,10206
28,37811,1.01,28120,1.02,10292
29,38472,1.02,28804,1.02,10647
30,39730,1.03,29435,1.02,10463
31,40212,1.01,29841,1.01,10722
2,34695,0,21004,0.7,0
3,32680,0.94,25051,1.19,12753
4,32277,0.99,24839,0.99,8278
5,33075,1.02,24875,1,8567
6,33932,1.03,25372,1.02,9335
7,33281,0.98,25372,1,8777
8,31959,0.96,24226,0.95,7525
9,30349,0.95,23246,0.96,7458
10,27638,0.91,21585,0.93,6341
11,24057,0.87,19327,0.9,4914
12,20511,0.85,16632,0.86,3512
13,18063,0.88,14603,0.88,3268
14,17018,0.94,13459,0.92,3724
15,17000,1,12831,0.95,3989
16,17225,1.01,13092,1.02,4772
17,17539,1.02,13231,1.01,4734
18,18839,1.07,14234,1.08,5660
19,19948,1.06,14857,1.04,5675
20,22049,1.11,16254,1.09,6735
21,23803,1.08,17765,1.09,7349
22,25570,1.07,19119,1.08,7558
23,26986,1.06,19982,1.05,7721
24,28527,1.06,20833,1.04,7916
25,29413,1.03,21889,1.05,8456
26,31455,1.07,23627,1.08,9420
27,32922,1.05,24229,1.03,8897
28,34298,1.04,25560,1.05,9999
29,36169,1.05,26835,1.05,10142
30,34985,0.97,26379,0.98,8907
31,36323,1.04,26773,1.01,9605
2,36843,0,21163,0.7,0
3,34507,0.94,26086,1.23,14200
4,35165,1.02,26629,1.02,9626
5,34980,0.99,26021,0.98,8559
6,36147,1.03,26778,1.03,9915
7,37404,1.03,27933,1.04,10636
8,36811,0.98,27602,0.99,9334
9,34978,0.95,26781,0.97,8599
10,31430,0.9,24471,0.91,6869
11,28411,0.9,22122,0.9,5842
12,25031,0.88,19951,0.9,5273
13,22825,0.91,17967,0.9,4636
14,21746,0.95,17011,0.95,5046
15,21698,1,16530,0.97,5310
16,21770,1,16505,1,5824
17,22748,1.04,17055,1.03,6352
18,24577,1.08,18140,1.06,7159
19,26598,1.08,19669,1.08,8055
20,27949,1.05,20510,1.04,7940
21,28580,1.02,21336,1.04,8183
22,29670,1.04,22242,1.04,8370
23,31555,1.06,23549,1.06,9308
24,34303,1.09,24905,1.06,9604
25,35422,1.03,26522,1.06,10532
26,38530,1.09,28008,1.06,10770
27,39870,1.03,29539,1.05,11334
28,40010,1,29505,1,10146
29,39763,0.99,29992,1.02,10872
30,41447,1.04,30194,1.01,10526
31,42876,1.03,31159,1.03,11670
2,37143,0,21352,0.7,0
3,34915,0.94,26492,1.24,14409
4,34154,0.98,25726,0.97,8261
5,35436,1.04,26345,1.02,9735
6,36670,1.03,26906,1.02,9662
7,37311,1.02,28092,1.04,10751
8,36634,0.98,27813,0.99,9460
9,33475,0.91,25944,0.93,7624
10,30940,0.92,23834,0.92,6709
11,27454,0.89,21832,0.92,6084
12,24135,0.88,19210,0.88,4542
13,22227,0.92,17559,0.91,4629
14,21599,0.97,16568,0.94,4880
15,21334,0.99,16309,0.98,5321
16,22218,1.04,16664,1.02,6006
17,22931,1.03,17515,1.05,6776
18,25018,1.09,18667,1.07,7307
19,26625,1.06,20103,1.08,7985
20,28750,1.08,21275,1.06,8185
21,29976,1.04,22358,1.05,8559
22,30643,1.02,22758,1.02,8251
23,31259,1.02,23589,1.04,8964
24,32704,1.05,24150,1.02,8927
25,34451,1.05,25411,1.05,9820
26,36387,1.06,26601,1.05,10037
27,37998,1.04,27807,1.05,10501
28,39035,1.03,28974,1.04,11126
29,38798,0.99,29143,1.01,10291
30,40143,1.03,29723,1.02,10609
31,39886,0.99,29690,1,10392
2,35812,0,21369,0.7,0
3,34091,0.95,25474,1.19,13202
4,34410,1.01,26145,1.03,9340
5,36398,1.06,26474,1.01,9426
6,36330,1,27028,1.02,10094
7,35284,0.97,26678,0.99,9009
8,35903,1.02,26730,1,9213
9,34013,0.95,26069,0.98,8867
10,31517,0.93,24525,0.94,7370
11,27991,0.89,21955,0.9,5712
12,23933,0.86,19139,0.87,4494
13,21585,0.9,17047,0.89,4293
14,20625,0.96,15967,0.94,4650
15,20398,0.99,15745,0.99,5206
16,20713,1.02,15672,1,5263
17,20774,1,16026,1.02,5828
18,22269,1.07,16556,1.03,5997
19,23239,1.04,17449,1.05,6723
20,25102,1.08,18465,1.06,7172
21,25746,1.03,19133,1.04,7331
22,27710,1.08,20460,1.07,7976
23,27764,1,21101,1.03,7889
24,30184,1.09,22404,1.06,8608
25,32555,1.08,23736,1.06,9328
26,32407,1,24587,1.04,9175
27,33721,1.04,25248,1.03,9199
28,34862,1.03,25826,1.02,9401
29,34434,0.99,25947,1,9314
30,34099,0.99,25856,1,8872
31,35878,1.05,26558,1.03,9691
2,36835,0,21479,0.7,0
3,34906,0.95,26171,1.22,13997
4,34229,0.98,25786,0.99,8716
5,35732,1.04,26302,1.02,9547
6,35671,1,26443,1.01,9458
7,36410,1.02,27410,1.04,10328
8,35883,0.99,26845,0.98,8839
9,33914,0.95,25962,0.97,8371
10,31349,0.92,24503,0.94,7196
11,28937,0.92,22613,0.92,6298
12,25764,0.89,20333,0.9,5321
13,23916,0.93,18724,0.92,5134
14,22750,0.95,17524,0.94,5120
15,22506,0.99,17264,0.99,5770
16,22369,0.99,17118,0.99,5707
17,23422,1.05,17507,1.02,6404
18,24194,1.03,18184,1.04,6789
19,26493,1.1,19556,1.08,7912
20,27980,1.06,20668,1.06,8092
21,30199,1.08,22436,1.09,8993
22,31684,1.05,23778,1.06,9296
23,32273,1.02,24426,1.03,8903
24,32767,1.02,25036,1.02,9035
25,32445,0.99,24612,0.98,8124
26,34238,1.06,25141,1.02,8936
27,35953,1.05,26257,1.04,10075
28,36130,1,26963,1.03,10198
29,37977,1.05,27743,1.03,10143
30,38609,1.02,28787,1.04,10773
31,39156,1.01,29299,1.02,10496
2,34940,0,21128,0.7,0
3,32751,0.94,24979,1.18,12582
4,32259,0.98,24308,0.97,7889
5,33115,1.03,24935,1.03,9164
6,32813,0.99,25160,1.01,8727
7,34696,1.06,25904,1.03,9410
8,34525,1,25975,1,9044
9,32668,0.95,25335,0.98,8267
10,29991,0.92,23208,0.92,6349
11,27631,0.92,21287,0.92,5946
12,23344,0.84,18937,0.89,4817
13,21147,0.91,16879,0.89,4080
14,20210,0.96,15841,0.94,4582
15,20365,1.01,15682,0.99,5197
16,20166,0.99,15445,0.98,5191
17,20776,1.03,15884,1.03,5850
18,21958,1.06,16550,1.04,6297
19,22817,1.04,17296,1.05,6556
20,24419,1.07,18120,1.05,6922
21,24888,1.02,18974,1.05,7388
22,26470,1.06,19787,1.04,7564
23,28239,1.07,20993,1.06,8207
24,29638,1.05,22218,1.06,8623
25,31729,1.07,23527,1.06,9254
26,32003,1.01,24125,1.03,8840
27,34183,1.07,25295,1.05,9483
28,34765,1.02,26354,1.04,9882
29,36240,1.04,26770,1.02,9618
30,37346,1.03,27257,1.02,10039
31,39953,1.07,29041,1.07,11477
2,37665,0,21624,0.7,0
3,35001,0.93,26228,1.21,14141
4,34565,0.99,26494,1.01,9288
5,35092,1.02,26111,0.99,8802
6,34810,0.99,26231,1,9265
7,37735,1.08,27479,1.05,10318
8,37437,0.99,28096,1.02,10346
9,36385,0.97,27237,0.97,8931
10,32625,0.9,25275,0.93,7499
11,30568,0.94,23772,0.94,7020
12,26100,0.85,20826,0.88,5062
13,23668,0.91,18618,0.89,4636
14,22476,0.95,17423,0.94,5083
15,22598,1.01,17129,0.98,5609
16,23306,1.03,17272,1.01,6211
17,23387,1,17704,1.03,6561
18,24694,1.06,18406,1.04,6942
19,25888,1.05,19401,1.05,7720
20,26691,1.03,20092,1.04,7503
21,28694,1.08,21213,1.06,8228
22,30060,1.05,22020,1.04,8436
23,31469,1.05,23387,1.06,9261
24,32558,1.03,24533,1.05,9490
25,34109,1.05,25398,1.04,9326
26,34210,1,26020,1.02,9550
27,33852,0.99,25714,0.99,8608
28,34164,1.01,25792,1,8923
29,35391,1.04,26419,1.02,9552
30,35434,1,26488,1,9353
31,37525,1.06,28019,1.06,10881
2,37205,0,21160,0.7,0
3,34172,0.92,26245,1.24,14493
4,34231,1,26361,1,8997
5,35259,1.03,26515,1.01,9249
6,35264,1,26865,1.01,9462
7,35585,1.01,26238,0.98,8630
8,36089,1.01,26686,1.02,9502
9,34113,0.95,26157,0.98,8989
10,31122,0.91,24308,0.93,6931
11,27555,0.89,21876,0.9,5621
12,24959,0.91,19617,0.9,4963
13,22942,0.92,17926,0.91,4854
14,21879,0.95,16964,0.95,5111
15,22018,1.01,16786,0.99,5651
16,23085,1.05,17155,1.02,6300
17,23144,1,17765,1.04,6737
18,23110,1,17513,0.99,5861
19,24527,1.06,18633,1.06,7320
20,26788,1.09,19712,1.06,7842
21,28309,1.06,21198,1.08,8424
22,29685,1.05,22241,1.05,8404
23,31474,1.06,23162,1.04,8845
24,33136,1.05,24350,1.05,9493
25,34810,1.05,25685,1.05,10118
26,33731,0.97,26085,1.02,9461
27,35789,1.06,25828,0.99,8637
28,37186,1.04,27205,1.05,10721
29,38064,1.02,28816,1.06,11364
30,38193,1,28572,0.99,9696
31,39523,1.03,29020,1.02,10358
2,36248,0,21151,0.7,0
3,34097,0.94,26007,1.23,14025
4,34305,1.01,26187,1.01,9014
5,34251,1,25789,0.98,8625
6,34103,1,25539,0.99,8808
7,35178,1.03,26166,1.02,9492
8,33857,0.96,25692,0.98,8625
9,31588,0.93,24563,0.96,7739
10,29173,0.92,22738,0.93,6484
11,25300,0.87,20099,0.88,4881
12,21921,0.87,17700,0.88,4230
13,20064,0.92,16006,0.9,3984
14,19181,0.96,15083,0.94,4358
15,19875,1.04,15088,1,5168
16,19883,1,15082,1,5174
17,20670,1.04,15551,1.03,5827
18,22159,1.07,16427,1.06,6443
19,22490,1.01,16865,1.03,6380
20,24797,1.1,18375,1.09,7578
21,25631,1.03,19408,1.06,7578
22,27386,1.07,20364,1.05,7821
23,29202,1.07,21386,1.05,8324
24,31242,1.07,22754,1.06,9045
25,33244,1.06,24324,1.07,9850
26,35761,1.08,25875,1.06,10242
27,34890,0.98,26486,1.02,9918
28,35733,1.02,26854,1.01,9428
29,37854,1.06,27984,1.04,10483
30,40047,1.06,29260,1.05,11124
31,41138,1.03,30680,1.05,11722
2,38759,0,21536,0.7,0
3,34907,0.9,26709,1.24,14720
4,34008,0.97,25554,0.96,7994
5,33649,0.99,25733,1.01,9118
6,36339,1.08,26950,1.05,10030
7,36866,1.01,27310,1.01,9860
8,37685,1.02,28006,1.03,10185
9,36201,0.96,27536,0.98,9249
10,33357,0.92,25833,0.94,7677
11,29543,0.89,23189,0.9,5974
12,26015,0.88,20859,0.9,5276
13,23788,0.91,18673,0.9,4547
14,22153,0.93,17357,0.93,5036
15,22071,1,16878,0.97,5269
16,23478,1.06,17363,1.03,6466
17,23930,1.02,17816,1.03,6750
18,24378,1.02,18435,1.03,6900
19,26526,1.09,19407,1.05,7392
20,27180,1.02,20204,1.04,7687
21,28083,1.03,20626,1.02,7613
22,29258,1.04,21854,1.06,8771
23,30636,1.05,22594,1.03,8399
24,31081,1.01,23298,1.03,8689
25,33304,1.07,24394,1.05,9386
26,33643,1.01,25365,1.04,9589
27,34809,1.03,25652,1.01,9156
28,37039,1.06,26917,1.05,10516
29,37349,1.01,27941,1.04,10626
30,38155,1.02,28492,1.02,10324
31,39204,1.03,29301,1.03,10693
2,37725,0,21592,0.71,0
3,34966,0.93,26871,1.24,14586
4,36026,1.03,27368,1.02,9634
5,34749,0.96,26628,0.97,8727
6,35224,1.01,26489,0.99,8939
7,35643,1.01,26512,1,9046
8,35878,1.01,26634,1,9431
9,33103,0.92,25516,0.96,8129
10,29559,0.89,23175,0.91,6265
11,26669,0.9,21103,0.91,5668
12,22518,0.84,18268,0.87,4074
13,20105,0.89,16090,0.88,3726
14,19244,0.96,15032,0.93,4309
15,19151,1,14600,0.97,4633
16,19875,1.04,14866,1.02,5310
17,21402,1.08,16215,1.09,6587
18,22620,1.06,16801,1.04,6263
19,24654,1.09,18355,1.09,7583
20,25247,1.02,18974,1.03,7042
21,26555,1.05,19938,1.05,7585
22,28027,1.06,20883,1.05,8021
23,28980,1.03,21599,1.03,8168
24,31583,1.09,23245,1.08,9214
25,32525,1.03,24312,1.05,9383
26,33443,1.03,24511,1.01,8722
27,33941,1.01,25518,1.04,9699
28,34386,1.01,25922,1.02,9306
29,36389,1.06,27358,1.06,10609
30,36301,1,27263,1,9388
31,37832,1.04,28325,1.04,10544
2,37888,0,21233,0.7,0
3,35473,0.94,26591,1.25,14693
4,34883,0.98,26350,0.99,9036
5,36225,1.04,26808,1.02,9707
6,37272,1.03,27508,1.03,10171
7,36808,0.99,27404,1,9493
8,36153,0.98,27258,0.99,9311
9,35068,0.97,27043,0.99,9066
10,31291,0.89,24617,0.91,6819
11,27160,0.87,21757,0.88,5197
12,23994,0.88,19199,0.88,4484
13,22231,0.93,17546,0.91,4812
14,20723,0.93,16314,0.93,4657
15,20652,1,15732,0.96,5007
16,21812,1.06,16188,1.03,5985
17,22197,1.02,16690,1.03,6398
18,23443,1.06,17828,1.07,7033
19,24147,1.03,18263,1.02,6535
20,25671,1.06,19224,1.05,7429
21,27695,1.08,20363,1.06,8024
22,28877,1.04,21571,1.06,8440
23,30341,1.05,22609,1.05,8541
24,31028,1.02,23015,1.02,8402
25,32504,1.05,23917,1.04,9180
26,33940,1.04,25646,1.07,10169
27,36038,1.06,26438,1.03,9704
28,35673,0.99,26943,1.02,9834
29,37092,1.04,27657,1.03,10099
30,37353,1.01,27634,1,9749
31,38116,1.02,28603,1.04,10659
2,35759,0,21394,0.71,0
3,32520,0.91,25042,1.17,12522
4,32799,1.01,24850,0.99,8279
5,33682,1.03,25495,1.03,9331
6,34229,1.02,25193,0.99,8377
7,35009,1.02,26114,1.04,9768
8,35114,1,26617,1.02,9672
9,34541,0.98,25892,0.97,8453
10,31273,0.91,24324,0.94,7410
11,28110,0.9,22177,0.91,5968
12,24264,0.86,19465,0.88,4680
13,22049,0.91,17643,0.91,4462
14,20917,0.95,16447,0.93,4717
15,20715,0.99,16033,0.97,5148
16,21091,1.02,16072,1,5675
17,21737,1.03,16305,1.01,5920
18,22771,1.05,17120,1.05,6548
19,24800,1.09,18493,1.08,7333
20,27197,1.1,20059,1.08,8193
21,27687,1.02,20849,1.04,8025
22,29540,1.07,21864,1.05,8383
23,32793,1.11,23706,1.08,9763
24,32773,1,24594,1.04,9301
25,32698,1,24823,1.01,8818
26,33822,1.03,25164,1.01,8954
27,35512,1.05,26355,1.05,9984
28,35519,1,26638,1.01,9669
29,37704,1.06,27748,1.04,10458
30,39013,1.03,29072,1.05,11209
31,38753,0.99,29305,1.01,10256
2,37618,0,21443,0.7,0
3,34813,0.93,26759,1.25,14646
4,36323,1.04,27057,1.01,9466
5,36630,1.01,27578,1.02,9956
6,37390,1.02,28148,1.02,10238
7,39565,1.06,28952,1.03,10482
8,37664,0.95,28685,0.99,9937
9,36771,0.98,28128,0.98,9144
10,33084,0.9,25965,0.92,7471
11,30163,0.91,23352,0.9,6205
12,26159,0.87,20600,0.88,5192
13,24124,0.92,19135,0.93,5432
14,22878,0.95,17751,0.93,4955
15,22164,0.97,17072,0.96,5312
16,22838,1.03,17266,1.01,6192
17,23722,1.04,17683,1.02,6526
18,24437,1.03,18248,1.03,6750
19,24695,1.01,18626,1.02,6915
20,25836,1.05,19293,1.04,7254
21,26231,1.02,19831,1.03,7366
22,27763,1.06,20884,1.05,7984
23,29399,1.06,22011,1.05,8424
24,30106,1.02,22384,1.02,8011
25,32736,1.09,24262,1.08,9829
26,33497,1.02,25045,1.03,9276
27,34276,1.02,25645,1.02,9271
28,35741,1.04,26118,1.02,9632
29,36840,1.03,27375,1.05,10395
30,36949,1,27815,1.02,10063
31,37499,1.01,28148,1.01,9935
2,36558,0,21337,0.7,0
3,34106,0.93,26064,1.22,13961
4,34181,1,25516,0.98,8392
5,35965,1.05,26916,1.05,10416
6,36181,1.01,27079,1.01,9690
7,36601,1.01,27267,1.01,9595
8,34930,0.95,26573,0.97,8862
9,32688,0.94,25287,0.95,7643
10,29394,0.9,22996,0.91,6160
11,26074,0.89,20729,0.9,5361
12,22772,0.87,18370,0.89,4537
13,20268,0.89,16181,0.88,3818
14,19709,0.97,15442,0.95,4632
15,19999,1.01,15435,1,5204
16,19842,0.99,15133,0.98,5112
17,20674,1.04,15475,1.02,5743
18,22387,1.08,16740,1.08,6808
19,24571,1.1,18292,1.09,7482
20,26193,1.07,19274,1.05,7602
21,27035,1.03,19774,1.03,7394
22,27884,1.03,20733,1.05,8022
23,29367,1.05,21895,1.06,8460
24,31773,1.08,23461,1.07,9262
25,34107,1.07,25170,1.07,10205
26,35212,1.03,26205,1.04,9907
27,35211,1,26456,1.01,9272
28,36402,1.03,27125,1.03,9919
29,36929,1.01,27301,1.01,9765
30,39307,1.06,28871,1.06,11216
31,41198,1.05,30261,1.05,11607
2,36312,0,21319,0.7,0
3,34202,0.94,25835,1.21,13415
4,35505,1.04,26510,1.03,9528
5,35804,1.01,27071,1.02,9880
6,37875,1.06,27709,1.02,10085
7,37414,0.99,28284,1.02,10190
8,35536,0.95,26961,0.95,8455
9,33423,0.94,25770,0.96,7925
10,31361,0.94,24090,0.93,6916
11,27501,0.88,21691,0.9,5767
12,23776,0.86,19031,0.88,4606
13,21498,0.9,17086,0.9,4387
14,20489,0.95,15924,0.93,4676
15,20298,0.99,15488,0.97,5071
16,20532,1.01,15799,1.02,5768
17,22300,1.09,16894,1.07,6619
18,23348,1.05,17373,1.03,6438
19,23864,1.02,17705,1.02,6531
20,26196,1.1,19331,1.09,8050
21,27932,1.07,20933,1.08,8401
22,28897,1.03,21711,1.04,8128
23,31046,1.07,22771,1.05,8748
24,31887,1.03,23424,1.03,8830
25,32506,1.02,24172,1.03,8962
26,33962,1.04,25293,1.05,9618
27,34971,1.03,25921,1.02,9585
28,36006,1.03,26483,1.02,9638
29,38689,1.07,28198,1.06,11110
30,39354,1.02,29075,1.03,10908
31,39138,0.99,29484,1.01,10628
2,37106,0,21375,0.7,0
3,33770,0.91,25864,1.21,13597
4,34510,1.02,25896,1,8893
5,35559,1.03,26595,1.03,9785
6,36127,1.02,26878,1.01,9522
7,36254,1,27333,1.02,9728
8,35861,0.99,27072,0.99,9128
9,33290,0.93,25565,0.94,7804
10,30645,0.92,23430,0.92,6403
11,27017,0.88,21638,0.92,6224
12,23772,0.88,19074,0.88,4529
13,21444,0.9,17195,0.9,4447
14,20381,0.95,15927,0.93,4405
15,20701,1.02,15678,0.98,5279
16,20975,1.01,15704,1,5478
17,22123,1.05,16600,1.06,6316
18,23524,1.06,17588,1.06,6829
19,24993,1.06,18708,1.06,7389
20,25788,1.03,19269,1.03,7142
21,27181,1.05,20218,1.05,7706
22,28582,1.05,21381,1.06,8364
23,30233,1.06,22257,1.04,8436
24,32496,1.07,23466,1.05,9142
25,31968,0.98,24062,1.03,9097
26,33231,1.04,24807,1.03,9148
27,33216,1,25360,1.02,9380
28,33738,1.02,25218,0.99,8569
29,34536,1.02,25437,1.01,8975
30,35593,1.03,26542,1.04,10178
31,35278,0.99,26829,1.01,9505
2,36130,0,21357,0.7,0
3,34473,0.95,26313,1.23,14149
4,33387,0.97,25421,0.97,7937
5,34258,1.03,25040,0.99,8314
6,34808,1.02,25795,1.03,9601
7,35087,1.01,26317,1.02,9615
8,34360,0.98,25781,0.98,8505
9,31501,0.92,24348,0.94,7417
10,28741,0.91,22373,0.92,6334
11,25319,0.88,20145,0.9,5245
12,21840,0.86,17738,0.88,4184
13,19388,0.89,15415,0.87,3442
14,18261,0.94,14306,0.93,4032
15,17795,0.97,13600,0.95,4116
16,17752,1,13717,1.01,4802
17,19701,1.11,14721,1.07,5758
18,20753,1.05,15605,1.06,6110
19,22475,1.08,16764,1.07,6753
20,23951,1.07,17826,1.06,6989
21,27276,1.14,19988,1.12,8618
22,28467,1.04,21067,1.05,8221
23,29148,1.02,21908,1.04,8314
24,29782,1.02,22234,1.01,7877
25,32191,1.08,23764,1.07,9425
26,32406,1.01,24405,1.03,9059
27,34885,1.08,25856,1.06,10028
28,36438,1.04,27035,1.05,10290
29,37463,1.03,28091,1.04,10602
30,39454,1.05,29124,1.04,10711
31,40634,1.03,30067,1.03,11070
2,38262,0,21734,0.7,0
3,35009,0.91,26821,1.23,14474
4,34205,0.98,25989,0.97,8285
5,34721,1.02,26322,1.01,9292
6,35872,1.03,26594,1.01,9327
7,38206,1.07,27502,1.03,10207
8,36158,0.95,27179,0.99,9425
9,32701,0.9,25907,0.95,8117
10,30673,0.94,23892,0.92,6473
11,28056,0.91,21981,0.92,6273
12,24874,0.89,19845,0.9,5259
13,22488,0.9,17806,0.9,4624
14,21704,0.97,16574,0.93,4697
15,21843,1.01,16644,1,5942
16,21839,1,16425,0.99,5494
17,23054,1.06,17332,1.06,6786
18,23269,1.01,17585,1.01,6435
19,25162,1.08,18590,1.06,7243
20,27271,1.08,20161,1.08,8268
21,28702,1.05,21310,1.06,8457
22,31008,1.08,23222,1.09,9383
23,31584,1.02,23943,1.03,8862
24,32689,1.03,24073,1.01,8444
25,33943,1.04,25515,1.06,9981
26,34920,1.03,25641,1,9055
27,34881,1,25934,1.01,9415
28,34230,0.98,25625,0.99,8839
29,35266,1.03,26101,1.02,9527
30,37851,1.07,27631,1.06,10771
31,38433,1.02,28679,1.04,10916
2,37999,0,21163,0.7,0
3,35580,0.94,27311,1.29,15413
4,35610,1,26856,0.98,8906
5,35558,1,26555,0.99,9007
6,37585,1.06,27875,1.05,10748
7,38246,1.02,28889,1.04,10854
8,36511,0.95,27950,0.97,8970
9,35059,0.96,26564,0.95,7984
10,32063,0.91,25040,0.94,7390
11,28669,0.89,22421,0.9,5766
12,24924,0.87,19919,0.89,4956
13,22862,0.92,17710,0.89,4485
14,21263,0.93,16607,0.94,4918
15,21060,0.99,16093,0.97,5118
16,20312,0.96,15696,0.98,5229
17,21276,1.05,16074,1.02,5820
18,21885,1.03,16448,1.02,6006
19,24197,1.11,18061,1.1,7503
20,26424,1.09,19645,1.09,8202
21,27443,1.04,20488,1.04,7788
22,28823,1.05,21374,1.04,8136
23,29813,1.03,22129,1.04,8309
24,32647,1.1,23796,1.08,9473
25,34036,1.04,25170,1.06,9755
26,35884,1.05,26434,1.05,10237
27,35734,1,26621,1.01,9405
28,37334,1.04,27679,1.04,10457
29,37665,1.01,28130,1.02,10222
30,37312,0.99,28269,1,9848
31,39527,1.06,28807,1.02,10189
2,37165,0,21620,0.71,0
3,34014,0.92,26080,1.21,13737
4,34788,1.02,26181,1,8965
5,36915,1.06,27603,1.05,10594
6,35890,0.97,27283,0.99,9219
7,36785,1.02,27519,1.01,9471
8,36901,1,27782,1.01,9992
9,33657,0.91,26204,0.94,7972
10,29835,0.89,23845,0.91,6394
11,26691,0.89,21075,0.88,5115
12,23638,0.89,18688,0.89,4663
13,20786,0.88,16613,0.89,4139
14,20397,0.98,15766,0.95,4665
15,20627,1.01,15862,1.01,5499
16,21534,1.04,16514,1.04,6155
17,23049,1.07,17192,1.04,6444
18,24624,1.07,18395,1.07,7359
19,27788,1.13,20233,1.1,8325
20,29369,1.06,21663,1.07,8673
21,31495,1.07,23543,1.09,9559
22,33588,1.07,24817,1.05,9571
23,34735,1.03,25492,1.03,9498
24,35331,1.02,26253,1.03,9862
25,34767,0.98,26242,1,9206
26,35632,1.02,26814,1.02,9773
27,36899,1.04,27296,1.02,9803
28,37805,1.02,27999,1.03,10338
29,37247,0.99,27927,1,9811
30,38324,1.03,28785,1.03,10552
31,38230,1,28800,1,10063
2,36951,0,21569,0.7,0
3,35168,0.95,26345,1.22,14025
4,34541,0.98,26130,0.99,9026
5,34234,0.99,25313,0.97,8319
6,34649,1.01,25984,1.03,9529
7,37019,1.07,27214,1.05,10326
8,35428,0.96,27323,1,9555
9,33441,0.94,25889,0.95,7699
10,30809,0.92,24070,0.93,6837
11,28492,0.92,22382,0.93,6300
12,24510,0.86,19800,0.88,4838
13,22607,0.92,17614,0.89,4296
14,21354,0.94,16555,0.94,4963
15,21393,1,16215,0.98,5251
16,21814,1.02,16647,1.03,6218
17,23581,1.08,17361,1.04,6355
18,24209,1.03,18360,1.06,7235
19,25559,1.06,19145,1.04,7258
20,28438,1.11,20807,1.09,8439
21,29544,1.04,22208,1.07,8803
22,31412,1.06,23267,1.05,8929
23,34362,1.09,24843,1.07,9757
24,36248,1.05,26949,1.08,11227
25,36157,1,27397,1.02,9994
26,36029,1,27398,1,9445
27,36566,1.01,27267,1,9367
28,36384,1,27427,1.01,9540
29,37452,1.03,27904,1.02,9867
30,36422,0.97,27655,0.99,9518
31,38494,1.06,28646,1.04,10659
2,36116,0,21538,0.7,0
3,32886,0.91,25379,1.18,12904
4,33313,1.01,25167,0.99,8593
5,33774,1.01,25389,1.01,9137
6,34334,1.02,25642,1.01,9201
7,34716,1.01,25981,1.01,9214
8,35032,1.01,26274,1.01,9318
9,32718,0.93,25129,0.96,7877
10,29632,0.91,23585,0.94,6902
11,26807,0.9,20963,0.89,5369
12,23227,0.87,18653,0.89,4600
13,20484,0.88,16307,0.87,3900
14,19471,0.95,15109,0.93,4320
15,18786,0.96,14764,0.98,4852
16,18891,1.01,14236,0.96,4540
17,20339,1.08,15419,1.08,6188
18,22310,1.1,16279,1.06,6321
19,23343,1.05,17262,1.06,6824
20,24416,1.05,18022,1.04,6938
21,26435,1.08,19533,1.08,7985
22,27015,1.02,20537,1.05,7988
23,28907,1.07,21645,1.05,8467
24,31162,1.08,22993,1.06,8983
25,31148,1,23725,1.03,8826
26,32732,1.05,24344,1.03,8780
27,35173,1.07,25666,1.05,9912
28,35724,1.02,26298,1.02,9875
29,34792,0.97,26361,1,9317
30,35659,1.02,26450,1,9319
31,36391,1.02,26715,1.01,9599
2,38242,0,21598,0.7,0
3,34428,0.9,26738,1.24,14391
4,34961,1.02,26393,0.99,8576
5,36053,1.03,26697,1.01,9481
6,35835,0.99,26878,1.01,9446
7,36733,1.03,27636,1.03,10160
8,35113,0.96,26861,0.97,8611
9,33282,0.95,25751,0.96,7942
10,30328,0.91,23587,0.92,6485
11,26836,0.88,21418,0.91,5590
12,23188,0.86,18593,0.87,4151
13,21403,0.92,16889,0.91,4403
14,20259,0.95,15925,0.94,4863
15,19797,0.98,15243,0.96,4646
16,19643,0.99,15139,0.99,5131
17,20439,1.04,15623,1.03,5659
18,21545,1.05,15993,1.02,5822
19,22967,1.07,16759,1.05,6451
20,24064,1.05,18246,1.09,7605
21,25529,1.06,18918,1.04,6988
22,27303,1.07,20084,1.06,7863
23,30036,1.1,22357,1.11,9540
24,32909,1.1,24046,1.08,9713
25,33400,1.01,25116,1.04,9563
26,35831,1.07,26290,1.05,10129
27,35483,0.99,26781,1.02,9641
28,37463,1.06,27802,1.04,10434
29,39266,1.05,28528,1.03,10350
30,37133,0.95,28296,0.99,9802
31,38163,1.03,28387,1,10001
2,36641,0,21391,0.7,0
3,33820,0.92,26004,1.22,13648
4,35731,1.06,26664,1.03,9675
5,35000,0.98,26841,1.01,9342
6,35973,1.03,26879,1,9324
7,36687,1.02,27281,1.01,9737
8,35610,0.97,26578,0.97,9046
9,33098,0.93,25800,0.97,8546
10,29910,0.9,23268,0.9,6095
11,25960,0.87,20822,0.89,5255
12,22026,0.85,17714,0.85,3912
13,19746,0.9,15761,0.89,3828
14,18416,0.93,14470,0.92,3959
15,18958,1.03,14522,1,4909
16,19548,1.03,14751,1.02,5310
17,20139,1.03,15085,1.02,5543
18,21593,1.07,16141,1.07,6415
19,22031,1.02,16640,1.03,6239
20,23058,1.05,17225,1.04,6580
21,25257,1.1,18548,1.08,7462
22,26381,1.04,19329,1.04,7493
23,27758,1.05,20784,1.08,8362
24,30402,1.1,22331,1.07,8977
25,31917,1.05,23589,1.06,9130
26,32350,1.01,24245,1.03,8884
27,33076,1.02,24826,1.02,9145
28,35204,1.06,25667,1.03,9591
29,35853,1.02,27323,1.06,10663
30,37427,1.04,27761,1.02,9951
31,38933,1.04,28989,1.04,10920
2,35175,0,21489,0.71,0
3,32900,0.94,25267,1.18,12484
4,33054,1,24831,0.98,8247
5,33633,1.02,25305,1.02,9135
6,36232,1.08,26201,1.04,9722
7,34953,0.96,26577,1.01,9789
8,34448,0.99,26501,1,9190
9,32505,0.94,24938,0.94,7372
10,29179,0.9,22757,0.91,6207
11,26411,0.91,20811,0.91,5636
12,22892,0.87,18492,0.89,4590
13,20429,0.89,16414,0.89,3939
14,19424,0.95,15078,0.92,4210
15,18959,0.98,14719,0.98,4800
16,19346,1.02,14823,1.01,5141
17,21500,1.11,16028,1.08,6370
18,23132,1.08,17369,1.08,6994
19,24055,1.04,18092,1.04,6771
20,25634,1.07,19190,1.06,7588
21,26234,1.02,19952,1.04,7372
22,28039,1.07,20660,1.04,7735
23,29322,1.05,21925,1.06,8675
24,31329,1.07,23084,1.05,8923
25,32204,1.03,24330,1.05,9510
26,34306,1.07,25114,1.03,9322
27,34004,0.99,25554,1.02,9412
28,35516,1.04,26648,1.04,10123
29,35720,1.01,26819,1.01,9312
30,37673,1.05,27921,1.04,10495
31,37993,1.01,28082,1.01,10010
2,34551,0,21416,0.7,0
3,32373,0.94,25079,1.17,12414
4,33959,1.05,25258,1.01,8788
5,35198,1.04,25946,1.03,9555
6,35396,1.01,26198,1.01,9442
7,35427,1,26856,1.03,9909
8,35221,0.99,26810,1,9132
9,32855,0.93,25324,0.94,7680
10,30155,0.92,23506,0.93,6900
11,26341,0.87,20967,0.89,5333
12,22660,0.86,18446,0.88,4325
13,20712,0.91,16386,0.89,3920
14,19800,0.96,15440,0.94,4515
15,19678,0.99,15010,0.97,4802
16,20236,1.03,15245,1.02,5675
17,21286,1.05,16100,1.06,6279
18,22525,1.06,16853,1.05,6486
19,24816,1.1,18072,1.07,7225
20,25514,1.03,19329,1.07,7822
21,26943,1.06,20286,1.05,7797
22,26943,1,20871,1.03,7627
23,29640,1.1,22152,1.06,8487
24,31428,1.06,23581,1.06,9303
25,32040,1.02,24120,1.02,8840
26,32431,1.01,24395,1.01,8615
27,32604,1.01,24411,1,8593
28,34301,1.05,25201,1.03,9359
29,34483,1.01,25827,1.02,9569
30,35702,1.04,26464,1.02,9779
31,35967,1.01,27121,1.02,9883
2,36272,0,21575,0.71,0
3,33321,0.92,25507,1.18,12948
4,35199,1.06,26003,1.02,9359
5,35615,1.01,26819,1.03,9926
6,36789,1.03,27620,1.03,9974
7,37637,1.02,28133,1.02,10078
8,36088,0.96,27657,0.98,9183
9,33638,0.93,25883,0.94,7456
10,30344,0.9,23598,0.91,6403
11,26464,0.87,21154,0.9,5507
12,22948,0.87,18322,0.87,4148
13,20830,0.91,16516,0.9,4298
14,20445,0.98,15797,0.96,4878
15,19936,0.98,15634,0.99,5229
16,20691,1.04,15781,1.01,5458
17,20993,1.01,16016,1.01,5711
18,22629,1.08,16712,1.04,6188
19,24048,1.06,17923,1.07,7307
20,26768,1.11,19551,1.09,8078
21,27876,1.04,20807,1.06,8260
22,29218,1.05,21766,1.05,8224
23,29947,1.02,22495,1.03,8492
24,32173,1.07,23842,1.06,9186
25,32737,1.02,24669,1.03,9187
26,33243,1.02,24947,1.01,8865
27,34848,1.05,25826,1.04,9627
28,35154,1.01,26353,1.02,9560
29,36447,1.04,27147,1.03,10111
30,36002,0.99,27262,1,9462
31,37576,1.04,27609,1.01,9783
2,34572,0,21287,0.7,0
3,31690,0.92,24540,1.15,12034
4,32788,1.03,24559,1,8399
5,33414,1.02,25042,1.02,9117
6,33591,1.01,24985,1,8857
7,33955,1.01,25337,1.01,9122
8,32846,0.97,25129,0.99,8446
9,31211,0.95,23798,0.95,7273
10,28744,0.92,22324,0.94,6583
11,25432,0.88,20203,0.9,5314
12,21847,0.86,17889,0.89,4304
13,19816,0.91,15724,0.88,3744
14,18940,0.96,14842,0.94,4371
15,18787,0.99,14457,0.97,4700
16,20011,1.07,14871,1.03,5396
17,21480,1.07,16182,1.09,6557
18,23141,1.08,17290,1.07,6815
19,25250,1.09,18715,1.08,7741
20,27159,1.08,19984,1.07,7919
21,28480,1.05,21010,1.05,8332
22,30126,1.06,22072,1.05,8610
23,31259,1.04,23364,1.06,9221
24,33266,1.06,24735,1.06,9604
25,33945,1.02,25481,1.03,9341
26,35454,1.04,26400,1.04,9918
27,36950,1.04,27709,1.05,10496
28,37083,1,27753,1,9720
29,38360,1.03,28458,1.03,10426
30,39268,1.02,29350,1.03,10945
31,39410,1,29387,1,10179
2,39094,0,21401,0.7,0
3,35753,0.91,27308,1.28,15633
4,34787,0.97,26315,0.96,8334
5,35773,1.03,26583,1.01,9447
6,36418,1.02,27347,1.03,10040
7,36712,1.01,27372,1,9556
8,36597,1,27683,1.01,9965
9,34539,0.94,26250,0.95,7980
10,32177,0.93,25015,0.95,7638
11,29136,0.91,22937,0.92,6339
12,25706,0.88,20498,0.89,5172
13,23143,0.9,18065,0.88,4336
14,21862,0.94,16993,0.94,5012
15,22764,1.04,17278,1.02,6118
16,22915,1.01,17682,1.02,6379
17,23632,1.03,17899,1.01,6305
18,24897,1.05,18482,1.03,6973
19,26279,1.06,19413,1.05,7629
20,29535,1.12,21710,1.12,9320
21,31521,1.07,23305,1.07,9451
22,31783,1.01,23704,1.02,8617
23,32797,1.03,24464,1.03,9265
24,34732,1.06,25942,1.06,10204
25,35528,1.02,26326,1.01,9395
26,36579,1.03,27013,1.03,10008
27,36385,0.99,27220,1.01,9855
28,38140,1.05,27815,1.02,10151
29,38303,1,28419,1.02,10578
30,38979,1.02,29054,1.02,10422
31,39882,1.02,29922,1.03,10948
2,36204,0,21467,0.7,0
3,34645,0.96,26539,1.24,14099
4,33574,0.97,25631,0.97,7991
5,35763,1.07,26062,1.02,9258
6,36687,1.03,27348,1.05,10521
7,38016,1.04,27679,1.01,9925
8,36987,0.97,27716,1,9735
9,34918,0.94,26793,0.97,8618
10,31534,0.9,24903,0.93,7232
11,27985,0.89,22327,0.9,5659
12,24322,0.87,19686,0.88,4621
13,22635,0.93,17663,0.9,4431
14,21390,0.94,16823,0.95,4995
15,21966,1.03,16735,0.99,5613
16,22240,1.01,17054,1.02,6207
17,23252,1.05,17293,1.01,6216
18,24523,1.05,18247,1.06,7148
19,26925,1.1,19560,1.07,7883
20,28573,1.06,21232,1.09,8643
21,29452,1.03,21936,1.03,8080
22,31258,1.06,23315,1.06,9060
23,32701,1.05,24663,1.06,9620
24,34145,1.04,25508,1.03,9394
25,36644,1.07,27146,1.06,10627
26,37201,1.02,27584,1.02,9938
27,39933,1.07,28935,1.05,10966
28,40088,1,29877,1.03,11248
29,39876,0.99,29795,1,10348
30,40959,1.03,30072,1.01,10747
31,40263,0.98,30157,1,10543
2,37230,0,21313,0.7,0
3,34958,0.94,26472,1.24,14346
4,36440,1.04,26884,1.02,9675
5,36358,1,27549,1.02,10198
6,37896,1.04,28039,1.02,10055
7,38184,1.01,28347,1.01,10172
8,38871,1.02,29173,1.03,10722
9,36966,0.95,28205,0.97,9156
10,34575,0.94,26781,0.95,8114
11,31129,0.9,24286,0.91,6444
12,26795,0.86,21399,0.88,5318
13,24973,0.93,19486,0.91,5194
14,23132,0.93,18252,0.94,5180
15,22865,0.99,17849,0.98,5767
16,23203,1.01,17797,1,5934
17,23722,1.02,18107,1.02,6507
18,23659,1,18062,1,6203
19,25244,1.07,18467,1.02,6732
20,26658,1.06,19819,1.07,7995
21,27460,1.03,20518,1.04,7766
22,29151,1.06,21821,1.06,8502
23,30947,1.06,22809,1.05,8790
24,32813,1.06,24270,1.06,9696
25,33040,1.01,24859,1.02,9058
26,34373,1.04,25623,1.03,9423
27,34095,0.99,25668,1,9002
28,35805,1.05,26503,1.03,9699
29,36079,1.01,27101,1.02,9936
30,35627,0.99,27186,1,9527
31,36570,1.03,26764,0.98,9018
2,36468,0,21219,0.71,0
3,33911,0.93,25694,1.21,13697
4,34678,1.02,25688,1,8776
5,34706,1,26374,1.03,9710
6,36126,1.04,26597,1.01,9266
7,35855,0.99,26825,1.01,9628
8,36169,1.01,27219,1.01,9748
9,34280,0.95,25968,0.95,8122
10,31761,0.93,24566,0.95,7542
11,27913,0.88,22174,0.9,5861
12,24420,0.87,19431,0.88,4462
13,22095,0.9,17489,0.9,4545
14,21041,0.95,16333,0.93,4636
15,21682,1.03,16242,0.99,5519
16,21543,0.99,16429,1.01,6044
17,22402,1.04,16749,1.02,6037
18,24576,1.1,18055,1.08,7248
19,25575,1.04,18966,1.05,7462
20,26532,1.04,20295,1.07,8070
21,28246,1.06,21111,1.04,7814
22,31096,1.1,22805,1.08,9203
23,31510,1.01,23709,1.04,9013
24,31666,1,23992,1.01,8572
25,32822,1.04,24278,1.01,8606
26,33534,1.02,24850,1.02,9166
27,33819,1.01,25263,1.02,9247
28,33701,1,25512,1.01,9079
29,35934,1.07,26526,1.04,9843
30,37978,1.06,27947,1.05,10892
31,37696,0.99,28307,1.01,10086
2,35036,0,21379,0.7,0
3,32953,0.94,25066,1.17,12408
4,33029,1,24862,0.99,8520
5,33445,1.01,24838,1,8637
6,34320,1.03,25649,1.03,9541
7,35873,1.05,26849,1.05,10048
8,35594,0.99,26638,0.99,9132
9,31951,0.9,25150,0.94,7812
10,28813,0.9,22795,0.91,6006
11,25477,0.88,20131,0.88,4952
12,21797,0.86,17608,0.87,4187
13,19980,0.92,15630,0.89,3843
14,18476,0.92,14467,0.93,4185
15,18432,1,14114,0.98,4686
16,18827,1.02,14381,1.02,5205
17,19398,1.03,14607,1.02,5247
18,21010,1.08,15457,1.06,6040
19,22904,1.09,16757,1.08,6901
20,24707,1.08,18185,1.09,7512
21,26697,1.08,19641,1.08,8071
22,28456,1.07,21129,1.08,8475
23,29443,1.03,21845,1.03,8235
24,32067,1.09,23109,1.06,9152
25,32517,1.01,24481,1.06,9650
26,34344,1.06,24891,1.02,9026
27,35120,1.02,26386,1.06,10475
28,37207,1.06,27457,1.04,10173
29,38682,1.04,28754,1.05,11049
30,37901,0.98,28467,0.99,9658
31,40830,1.08,29681,1.04,11115
